student_id,sub_sample_group,life_direction_meaning,college_work_resilience,campus_seen_supported,emotionally_steady,hopeful_future,clear_values,life_depth_moments,cheerful_spirits,college_growth,academic_wellbeing,biggest_challenge,school_time_energy,faculty_staff_support,people_to_turn_to,know_support_resources,focus_place,enough_sleep,parent_caregiver_support,enjoyable_company,feels_alone,phone_social_media_interference,physical_activity,alcohol_cannabis_social_coping,money_stress,study_hours_outside_class,life_priority,age_group,college_stage,gender,race_ethnicity,parent_four_year_college,college_goal,major_field,major_confidence,spring_credits,class_modality,paid_work_hours,wellbeing_index
S001,C,A,SA,A,A,N,SA,SA,D,N,SA,Motivation,A,D,SA,A,SA,D,SA,Nvr,VO,S,O,Nvr,No stress,under 5 hours,Future,18 or 19,Second year,Woman,MENA,Yes,Transfer,STEM,Some conf.,15 or more credits,More in-person,0 hours,4.0
S002,D,SA,SA,A,SA,SA,SA,SA,SA,SA,SA,Nothing,SA,SA,SA,SA,SA,SA,,VO,Nvr,Nvr,O,Nvr,No stress,5 to 10 hours,Enjoy life,18 or 19,First year,Woman,White,Yes,Transfer,Health professions,Very conf.,15 or more credits,Equal,20 to 29 hours,4.88
S003,D,A,N,N,N,N,A,A,D,A,D,Low energy,D,N,N,A,A,SD,A,S,S,S,O,S,Mod,11 to 19 hours,Mental well-being,Prefer not,Second year,Woman,East Asian,No,Transfer,Health professions,Unsure,12 to 14 credits,More in-person,0 hours,3.25
S004,B,D,N,A,D,SD,N,SD,N,D,SD,Teaching,A,SA,A,SD,D,A,A,VO,S,S,O,Nvr,No stress,under 5 hours,Other,18 or 19,First year,Man,South Asian,Yes,Transfer,Arts/creative,Very conf.,12 to 14 credits,More in-person,1 to 9 hours,2.38
S005,D,A,A,A,A,A,A,A,A,N,A,Low energy,A,N,N,A,A,N,N,O,R,S,O,Nvr,Very,5 to 10 hours,Money,26 or older,Second year,Woman,East Asian,No,Transfer,Health professions,Some conf.,12 to 14 credits,More in-person,30 or more hours,4.0
S006,A,A,D,D,SD,D,SA,A,SD,A,A,Mental stress,D,SA,SD,D,N,SD,SD,S,VO,O,S,Nvr,Slight,5 to 10 hours,Mental well-being,18 or 19,First year,Woman,South Asian,Not sure,Associate,Arts/creative,Unsure,12 to 14 credits,All/mostly in-person,0 hours,2.62
S007,C,A,A,A,A,A,A,A,A,A,A,Not prepared,A,A,A,A,A,A,SA,VO,Nvr,R,S,Nvr,No stress,5 to 10 hours,School,18 or 19,First year,Woman,Latino/Hispanic,No,Transfer,Health professions,Very conf.,12 to 14 credits,All/mostly in-person,0 hours,4.0
S008,D,A,A,A,SA,A,A,SA,A,A,A,Not prepared,A,N,SA,A,A,A,SA,VO,S,S,S,Nvr,Mod,11 to 19 hours,School,18 or 19,First year,Woman,Latino/Hispanic,No,Associate,Health professions,Very conf.,12 to 14 credits,More in-person,1 to 9 hours,4.25
S009,D,A,A,A,A,A,A,A,A,A,D,Not prepared,N,A,A,A,A,D,A,S,S,S,VO,Nvr,Very,11 to 19 hours,School,20 or 21,Second year,Man,East Asian,No,Transfer,STEM,Unsure,12 to 14 credits,All/mostly in-person,10 to 19 hours,4.0
S010,A,N,D,D,D,SD,A,D,D,D,SD,Low energy,D,D,N,D,D,SD,N,S,S,O,S,Nvr,Very,under 5 hours,Money,20 or 21,Third+,Man,East Asian,Not sure,Transfer,STEM,Not conf.,15 or more credits,Equal,10 to 19 hours,2.25
S011,D,SA,SA,A,SA,A,A,A,SA,A,SA,Motivation,SA,SA,SA,A,SA,A,A,S,R,S,O,Nvr,Slight,under 5 hours,Friends/relations,18 or 19,Second year,Woman,East Asian,Yes,Transfer,Business,Some conf.,15 or more credits,All/mostly in-person,1 to 9 hours,4.5
S012,A,A,A,N,A,N,SA,SA,N,A,SA,Work,A,N,SA,A,SA,A,SA,VO,S,VO,VO,R,Very,5 to 10 hours,Money,22 to 25,Third+,Man,Latino/Hispanic,No,Associate,STEM,Very conf.,6 to 8 credits,Equal,30 or more hours,3.88
S013,A,D,N,SA,SA,N,D,A,D,SD,A,Motivation,N,N,SD,SA,A,A,D,R,O,Nvr,R,S,Slight,5 to 10 hours,Enjoy life,20 or 21,Second year,Prefer not,South Asian,No,Transfer,Social sciences,No major,15 or more credits,More in-person,10 to 19 hours,3.25
S014,D,A,D,N,SD,N,N,A,N,A,D,Motivation,D,D,N,D,D,SD,N,S,R,VO,R,Nvr,Mod,11 to 19 hours,School,18 or 19,First year,Woman,South Asian,Yes,Transfer,Humanities,Very conf.,15 or more credits,More in-person,1 to 9 hours,2.88
S015,A,A,N,D,N,A,N,A,A,A,A,Mental stress,A,N,A,A,A,A,A,O,VO,S,,Nvr,No stress,5 to 10 hours,Family,18 or 19,First year,Woman,MENA,No,Associate,Health professions,Some conf.,12 to 14 credits,More online,0 hours,3.38
S016,B,SA,A,SA,A,SA,A,SA,D,SA,SA,Low energy,SD,SA,SA,SA,SA,SD,SA,O,R,R,S,Nvr,Slight,5 to 10 hours,School,22 to 25,Second year,Man,MENA,No,Transfer,Social sciences,Very conf.,12 to 14 credits,More online,20 to 29 hours,4.25
S017,D,A,A,N,A,N,A,A,A,N,A,Mental stress,N,N,A,A,A,D,A,O,S,O,S,Nvr,No stress,5 to 10 hours,School,18 or 19,First year,Woman,Multiracial,Yes,Transfer,Undecided,Unsure,12 to 14 credits,Equal,0 hours,3.75
S018,B,SA,A,SA,SA,SA,SA,A,SA,SA,SA,Family/care,A,SA,A,SA,SA,SA,SA,O,Nvr,S,O,Nvr,Slight,5 to 10 hours,Mental well-being,26 or older,Second year,Man,East Asian,No,Transfer,Health professions,Some conf.,12 to 14 credits,All/mostly in-person,0 hours,4.75
S019,C,SA,SA,N,A,SA,SA,SA,SA,A,A,Mental stress,A,A,A,N,A,N,SA,O,S,VO,R,Nvr,No stress,5 to 10 hours,Money,18 or 19,First year,Woman,White,Not sure,Associate,Business,Some conf.,12 to 14 credits,All/mostly in-person,1 to 9 hours,4.62
S020,B,A,SA,N,D,D,N,A,D,A,A,Mental stress,A,N,SA,SD,D,D,D,O,S,O,VO,O,Mod,5 to 10 hours,Enjoy life,18 or 19,Second year,Man,White,No,Transfer,Social sciences,Some conf.,15 or more credits,More in-person,20 to 29 hours,3.12
S021,A,A,A,A,A,A,A,A,A,A,A,Family/care,A,A,A,A,A,A,,O,S,S,O,Nvr,No stress,20 or more hours,School,26 or older,First year,Woman,South Asian,No,Transfer,Health professions,Very conf.,12 to 14 credits,More online,1 to 9 hours,4.0
S022,C,D,N,SA,N,N,N,N,D,D,N,Motivation,A,SA,N,A,A,A,SA,,S,O,O,Nvr,No stress,5 to 10 hours,Future,20 or 21,Second year,Man,East Asian,Yes,Associate,Business,Unsure,9 to 11 credits,All/mostly in-person,1 to 9 hours,3.0
S023,C,N,SA,A,N,A,A,SA,N,SA,A,Mental stress,D,SA,N,A,N,SD,A,S,O,VO,O,Nvr,Mod,5 to 10 hours,School,18 or 19,First year,Woman,East Asian,No,Transfer,Health professions,Some conf.,15 or more credits,All/mostly in-person,10 to 19 hours,3.88
S024,B,SA,SA,SA,SA,SA,SA,,SA,SA,SA,Family/care,A,SA,SA,SA,A,A,,VO,Nvr,R,S,Nvr,Ext,20 or more hours,Family,26 or older,Second year,Woman,MENA,No,Transfer,Business,Unsure,9 to 11 credits,More online,0 hours,5.0
S025,B,A,SA,A,SD,D,SD,SD,SD,A,A,Mental stress,A,SA,N,N,A,A,SD,R,VO,R,S,VO,Ext,under 5 hours,Money,20 or 21,Third+,Man,Multiracial,No,Transfer,Health professions,Some conf.,1 to 5 credits,All/mostly in-person,30 or more hours,2.38
S026,B,A,A,N,A,A,A,A,SA,A,A,Motivation,A,N,SA,A,N,D,SA,O,R,VO,O,Nvr,Slight,under 5 hours,Future,20 or 21,Second year,Man,Multiracial,Yes,Transfer,Undecided,Not conf.,12 to 14 credits,All/mostly online,1 to 9 hours,4.0
S027,C,A,A,N,A,A,A,N,A,A,A,Family/care,D,N,A,A,A,A,A,O,O,VO,S,Nvr,Slight,5 to 10 hours,School,18 or 19,First year,Woman,Multiracial,No,Associate,Health professions,Very conf.,15 or more credits,All/mostly in-person,20 to 29 hours,3.75
S028,D,D,A,N,D,SD,A,D,D,A,A,Work,N,SD,SD,D,A,N,D,R,S,R,S,Nvr,Very,under 5 hours,Enjoy life,26 or older,Third+,Woman,Multiracial,No,Transfer,STEM,Not conf.,9 to 11 credits,More online,30 or more hours,2.5
S029,A,A,SA,A,SA,D,SA,D,SA,D,SA,Teaching,SA,SA,SA,SA,SA,N,,R,R,VO,VO,Nvr,No stress,under 5 hours,School,18 or 19,First year,Man,East Asian,Yes,Transfer,STEM,Low conf.,15 or more credits,More in-person,0 hours,4.0
S030,D,A,A,SA,N,A,A,SA,A,SA,SA,Motivation,A,A,A,A,SA,D,N,VO,S,O,S,Nvr,Slight,5 to 10 hours,Friends/relations,18 or 19,First year,Man,Latino/Hispanic,No,Transfer,Health professions,Some conf.,12 to 14 credits,All/mostly in-person,0 hours,4.12
S031,C,A,SA,SA,A,SA,A,SA,A,A,A,Nothing,SA,SA,SA,N,A,SA,SA,VO,R,O,VO,Nvr,Mod,5 to 10 hours,Enjoy life,20 or 21,Second year,Man,White,Yes,Transfer,STEM,Some conf.,15 or more credits,More in-person,0 hours,4.5
S032,C,SA,N,N,D,N,A,A,D,A,SA,Motivation,N,A,A,A,SA,SD,N,O,S,S,R,Nvr,Mod,5 to 10 hours,Money,22 to 25,Third+,Nonbinary,Multiracial,No,Transfer,Social sciences,Very conf.,6 to 8 credits,Equal,20 to 29 hours,3.25
S033,A,A,A,SA,A,A,N,D,A,N,A,Mental stress,A,SA,SA,SA,SA,A,SA,O,S,O,Nvr,VO,Very,5 to 10 hours,School,20 or 21,First year,Woman,White,No,Transfer,Business,Some conf.,15 or more credits,All/mostly in-person,0 hours,3.75
S034,B,A,A,N,A,A,A,N,N,A,A,Teaching,A,A,SA,A,A,N,SA,R,R,S,R,Nvr,Slight,under 5 hours,Mental well-being,26 or older,Second year,Woman,Latino/Hispanic,No,Associate,Health professions,Very conf.,6 to 8 credits,More in-person,30 or more hours,3.62
S035,C,N,N,A,A,D,A,A,A,A,A,Mental stress,A,A,A,N,A,D,A,O,S,O,S,Nvr,Very,5 to 10 hours,Money,20 or 21,Third+,Woman,East Asian,Yes,Transfer,Business,Some conf.,12 to 14 credits,All/mostly in-person,1 to 9 hours,3.5
S036,B,A,A,A,D,A,N,A,A,N,A,Work,A,A,SA,D,SA,D,A,VO,R,S,VO,O,Slight,11 to 19 hours,School,26 or older,Second year,Man,White,No,Associate,Humanities,Some conf.,6 to 8 credits,All/mostly in-person,0 hours,3.62
S037,A,A,A,A,N,A,SA,A,D,A,N,Mental stress,A,N,N,A,N,SD,A,S,S,O,VO,Nvr,Mod,5 to 10 hours,School,18 or 19,First year,Man,East Asian,Yes,Transfer,Health professions,Some conf.,12 to 14 credits,All/mostly in-person,10 to 19 hours,3.75
S038,D,A,A,A,A,A,N,A,N,SA,A,Mental stress,SA,A,SA,A,SA,A,SA,O,S,VO,VO,O,Very,11 to 19 hours,Friends/relations,18 or 19,First year,Man,East Asian,Yes,Transfer,,Unsure,15 or more credits,All/mostly in-person,0 hours,3.75
S039,D,N,A,A,SA,N,N,A,N,A,N,Not prepared,A,D,A,A,N,N,SA,O,S,O,S,Nvr,Mod,5 to 10 hours,School,18 or 19,First year,Woman,Latino/Hispanic,No,Transfer,Health professions,Unsure,12 to 14 credits,All/mostly in-person,20 to 29 hours,3.62
S040,D,N,SA,A,N,A,SA,N,A,N,A,Mental stress,D,SA,SA,SA,SA,SD,A,VO,O,VO,O,S,Ext,5 to 10 hours,Money,22 to 25,Second year,Man,East Asian,Not sure,Transfer,STEM,Some conf.,9 to 11 credits,All/mostly in-person,30 or more hours,3.88
S041,A,SD,A,SA,N,A,SD,N,D,N,A,Motivation,A,SA,A,A,A,N,SA,O,R,O,O,S,Mod,under 5 hours,Money,18 or 19,First year,Woman,Latino/Hispanic,No,Transfer,Social sciences,Very conf.,15 or more credits,All/mostly in-person,20 to 29 hours,2.88
S042,A,A,N,D,N,A,N,N,A,D,N,Not prepared,A,N,N,A,A,D,A,O,S,VO,R,S,Mod,under 5 hours,Money,18 or 19,First year,Woman,Multiracial,Yes,Transfer,Business,Some conf.,15 or more credits,More in-person,20 to 29 hours,3.25
S043,A,A,N,N,A,A,D,A,A,A,A,Work,D,N,N,A,D,D,SD,O,O,S,S,S,Ext,20 or more hours,Money,20 or 21,First year,Woman,Pacific Islander,No,Transfer,Social sciences,Some conf.,15 or more credits,All/mostly online,20 to 29 hours,3.5
S044,C,A,A,A,A,SA,N,A,A,A,SA,Not prepared,SA,A,SA,A,SA,SA,A,VO,Nvr,S,R,Prefer not,Slight,under 5 hours,School,20 or 21,First year,Woman,South Asian,Yes,Transfer,Social sciences,Very conf.,6 to 8 credits,All/mostly in-person,0 hours,4.0
S045,A,SA,A,A,N,SA,SA,A,N,SA,N,Mental stress,N,N,SA,N,A,N,A,VO,R,O,S,S,Ext,5 to 10 hours,Enjoy life,18 or 19,First year,Woman,East Asian,No,Transfer,Health professions,Some conf.,12 to 14 credits,More online,10 to 19 hours,4.12
S046,A,SA,A,N,N,SA,SA,A,A,N,A,Motivation,N,A,A,D,D,SA,A,O,S,S,VO,O,Slight,5 to 10 hours,Money,22 to 25,First year,Woman,East Asian,Yes,Transfer,STEM,Some conf.,15 or more credits,Equal,20 to 29 hours,4.12
S047,A,A,A,A,,A,A,A,A,A,A,Motivation,A,A,A,SA,A,D,SA,O,R,S,O,R,Slight,5 to 10 hours,Money,18 or 19,First year,Woman,Latino/Hispanic,No,Transfer,Social sciences,Some conf.,15 or more credits,All/mostly in-person,20 to 29 hours,4.0
S048,C,A,A,A,A,A,A,A,A,A,A,Motivation,N,D,SA,A,A,D,SD,VO,R,S,VO,Nvr,Slight,11 to 19 hours,Enjoy life,Prefer not,First year,Man,Latino/Hispanic,No,Transfer,Business,Very conf.,12 to 14 credits,Equal,30 or more hours,4.0
S049,D,N,A,N,A,SA,A,N,N,N,A,Motivation,N,SA,SA,SA,A,A,SA,VO,S,O,O,Nvr,Slight,11 to 19 hours,Friends/relations,18 or 19,Third+,Man,South Asian,Yes,Transfer,STEM,Very conf.,15 or more credits,More in-person,0 hours,3.62
S050,C,N,D,A,N,N,N,N,N,N,SD,Motivation,N,SA,A,A,A,SD,N,S,R,VO,Nvr,Nvr,Slight,under 5 hours,School,20 or 21,Third+,Woman,East Asian,No,Transfer,STEM,Some conf.,12 to 14 credits,All/mostly in-person,1 to 9 hours,3.0
S051,D,SA,SA,A,A,SA,SA,SA,A,SA,A,Motivation,A,SA,SA,A,A,A,SA,VO,S,O,O,Nvr,Mod,5 to 10 hours,School,18 or 19,First year,Man,MENA,Yes,Transfer,Business,Very conf.,9 to 11 credits,All/mostly in-person,0 hours,4.62
S052,B,A,A,N,N,A,A,A,D,A,A,Low energy,N,N,N,A,N,D,D,O,S,R,R,Nvr,Very,5 to 10 hours,Future,26 or older,Prefer not,Woman,East Asian,Yes,Transfer,STEM,Low conf.,12 to 14 credits,All/mostly in-person,0 hours,3.5
S053,B,A,SA,A,N,A,A,A,A,A,A,Mental stress,D,A,N,D,N,N,SA,S,S,R,S,Nvr,Very,under 5 hours,Enjoy life,26 or older,First year,Woman,East Asian,Yes,Associate,Health professions,Low conf.,12 to 14 credits,More in-person,0 hours,4.0
S054,C,A,A,A,A,A,A,A,A,A,A,Low energy,A,SA,A,A,A,A,A,O,S,O,VO,O,Very,5 to 10 hours,Money,26 or older,Second year,Man,Black/African Am.,Not sure,Transfer,STEM,Very conf.,12 to 14 credits,All/mostly in-person,1 to 9 hours,4.0
S055,D,A,A,A,A,D,D,A,A,N,A,Motivation,A,A,A,A,A,A,A,O,R,O,O,R,Very,5 to 10 hours,Future,22 to 25,First year,Man,East Asian,No,Transfer,STEM,Some conf.,12 to 14 credits,Equal,0 hours,3.5
S056,C,A,A,A,A,A,SA,A,A,A,N,Motivation,A,A,A,N,A,D,N,O,R,S,S,R,Prefer not,11 to 19 hours,Future,18 or 19,Second year,Woman,East Asian,No,Transfer,Business,Some conf.,15 or more credits,More online,10 to 19 hours,4.12
S057,D,A,A,N,A,A,A,A,A,N,A,Motivation,A,N,A,A,A,A,A,O,R,S,S,Nvr,No stress,5 to 10 hours,Mental well-being,20 or 21,Second year,Woman,East Asian,Yes,Transfer,Business,Some conf.,12 to 14 credits,Equal,1 to 9 hours,3.88
S058,B,A,N,N,A,A,N,D,D,D,A,Low energy,SD,SA,A,A,D,SD,A,R,S,VO,O,Nvr,Slight,20 or more hours,School,18 or 19,First year,Man,South Asian,Not sure,Transfer,STEM,Very conf.,15 or more credits,Equal,0 hours,3.12
S059,C,A,A,N,A,N,N,N,D,SA,A,Motivation,A,SA,N,D,SA,A,A,S,VO,VO,VO,Nvr,No stress,5 to 10 hours,School,17 or younger,Second year,Prefer not,East Asian,Yes,Transfer,Business,Not conf.,15 or more credits,Equal,1 to 9 hours,3.25
S060,D,A,D,SA,A,A,A,A,A,A,A,Motivation,A,SA,A,A,N,D,A,S,S,VO,S,O,Mod,under 5 hours,Enjoy life,20 or 21,Second year,Woman,East Asian,Yes,Transfer,STEM,Some conf.,15 or more credits,All/mostly in-person,10 to 19 hours,3.88
S061,C,A,SA,N,A,A,A,A,A,A,A,Motivation,A,N,SA,A,SA,A,SA,VO,S,O,O,Nvr,Mod,5 to 10 hours,School,18 or 19,First year,Man,Multiracial,Yes,Other,Humanities,Some conf.,12 to 14 credits,Equal,1 to 9 hours,4.0
S062,B,A,A,A,A,D,D,A,A,A,D,Motivation,SD,SA,A,SA,A,SD,N,S,S,S,S,R,Ext,20 or more hours,Other,20 or 21,Third+,Woman,East Asian,Yes,Transfer,Business,Unsure,15 or more credits,Equal,0 hours,3.5
S063,C,A,D,A,D,D,A,A,SD,A,N,Mental stress,A,N,SA,A,A,A,SA,VO,S,O,S,O,Slight,5 to 10 hours,Future,18 or 19,Second year,Man,South Asian,Yes,Transfer,Social sciences,Some conf.,9 to 11 credits,More in-person,0 hours,2.88
S064,B,A,A,N,A,N,A,A,N,A,A,Family/care,N,A,A,A,A,D,A,S,O,S,S,Nvr,Slight,11 to 19 hours,Family,26 or older,First year,Woman,East Asian,No,Associate,Health professions,Some conf.,9 to 11 credits,All/mostly in-person,0 hours,3.62
S065,D,A,A,A,N,SA,SA,A,N,A,SA,Motivation,SA,SA,A,A,SA,SD,A,O,S,VO,R,Nvr,Slight,5 to 10 hours,Other,18 or 19,First year,Man,East Asian,No,Transfer,Social sciences,Very conf.,15 or more credits,More in-person,0 hours,4.0
S066,A,A,D,N,N,N,A,A,A,N,N,Not prepared,D,N,A,A,N,D,SA,O,O,O,O,Nvr,Slight,5 to 10 hours,School,18 or 19,First year,Woman,South Asian,Yes,Undecided,Business,Some conf.,12 to 14 credits,Equal,1 to 9 hours,3.38
S067,D,A,A,A,A,A,N,A,A,A,A,Mental stress,N,A,A,A,N,N,,S,S,VO,O,Nvr,No stress,under 5 hours,Enjoy life,22 to 25,Second year,Prefer not,Prefer not,Prefer not,Associate,Health professions,Some conf.,15 or more credits,Equal,0 hours,3.88
S068,B,N,SA,A,N,A,A,A,A,A,A,Mental stress,N,A,A,A,D,D,A,O,S,R,S,Nvr,Ext,5 to 10 hours,Money,22 to 25,First year,Woman,Multiracial,No,Associate,Health professions,Very conf.,12 to 14 credits,All/mostly in-person,0 hours,3.88
S069,C,A,A,SA,A,A,A,N,A,A,A,Work,N,SA,A,A,D,D,N,S,R,O,VO,Nvr,Very,under 5 hours,Future,22 to 25,Third+,Woman,Latino/Hispanic,No,Transfer,Business,Some conf.,9 to 11 credits,All/mostly in-person,20 to 29 hours,4.0
S070,D,A,A,A,A,A,A,A,A,N,N,Nothing,A,A,A,A,A,N,SA,O,R,O,VO,Nvr,Mod,5 to 10 hours,Mental well-being,18 or 19,First year,Man,White,Yes,Transfer,Business,Some conf.,15 or more credits,More in-person,0 hours,4.0
S071,A,N,A,N,A,N,A,SA,A,A,A,Motivation,A,N,A,A,A,N,SA,S,S,O,S,Nvr,Mod,5 to 10 hours,School,18 or 19,Second year,Woman,East Asian,Not sure,Transfer,Health professions,Very conf.,15 or more credits,Equal,0 hours,3.75
S072,D,SA,SA,N,SA,SA,SA,SA,SA,A,A,Motivation,N,N,SA,N,SA,A,,VO,R,S,VO,R,Slight,11 to 19 hours,Enjoy life,Prefer not,First year,Man,Latino/Hispanic,No,Transfer,Business,Very conf.,12 to 14 credits,Equal,30 or more hours,4.75
S073,D,A,A,N,A,A,SA,N,N,N,A,Work,D,N,A,N,SA,A,A,O,S,VO,VO,Nvr,Mod,5 to 10 hours,Future,18 or 19,Second year,Man,South Asian,No,Associate,Undecided,Unsure,12 to 14 credits,More in-person,10 to 19 hours,3.75
S074,C,A,N,A,N,A,A,SA,N,A,A,Work,N,N,A,N,A,A,SA,S,R,O,S,S,Slight,5 to 10 hours,School,18 or 19,Second year,Woman,East Asian,Yes,Transfer,STEM,Unsure,12 to 14 credits,More in-person,10 to 19 hours,3.75
S075,C,N,D,A,N,D,D,SA,A,SA,SD,Mental stress,D,A,SA,N,SA,N,A,VO,S,VO,VO,R,Ext,under 5 hours,Enjoy life,18 or 19,First year,Woman,East Asian,No,Transfer,Social sciences,Very conf.,1 to 5 credits,All/mostly in-person,20 to 29 hours,3.12
S076,B,A,A,A,N,A,A,SA,N,A,N,Teaching,N,SA,N,A,SA,A,SA,O,S,S,R,Nvr,Very,20 or more hours,School,18 or 19,First year,Woman,MENA,Not sure,Transfer,Health professions,Unsure,15 or more credits,Equal,0 hours,3.88
S077,A,A,A,A,A,A,A,A,D,A,A,Mental stress,N,A,D,A,N,D,N,R,S,O,R,Nvr,Mod,5 to 10 hours,Mental well-being,20 or 21,First year,Woman,MENA,No,Transfer,Health professions,Some conf.,12 to 14 credits,Equal,0 hours,3.75
S078,C,A,A,N,D,A,A,A,N,A,N,Mental stress,N,A,A,A,A,D,D,O,S,O,O,R,Ext,5 to 10 hours,Mental well-being,20 or 21,Second year,Man,Latino/Hispanic,No,Transfer,Social sciences,Some conf.,12 to 14 credits,More online,20 to 29 hours,3.5
S079,D,A,A,A,SA,SA,A,SA,SA,SA,A,Motivation,N,N,SA,N,A,SA,SA,O,S,O,S,Nvr,No stress,20 or more hours,Future,17 or younger,Prefer not,Woman,South Asian,Yes,Other,Humanities,Very conf.,6 to 8 credits,Equal,1 to 9 hours,4.5
S080,A,A,A,N,N,A,A,SA,SA,N,A,Not prepared,A,N,N,A,D,D,A,VO,S,VO,S,Nvr,Mod,under 5 hours,Future,18 or 19,Second year,Woman,Black/African Am.,No,Transfer,Arts/creative,Not conf.,15 or more credits,All/mostly online,20 to 29 hours,4.0
S081,B,A,N,D,N,A,D,SA,D,N,A,Motivation,N,N,D,D,N,N,A,S,O,VO,S,Nvr,Mod,under 5 hours,Money,20 or 21,Second year,Man,South Asian,Yes,Transfer,STEM,Low conf.,1 to 5 credits,All/mostly in-person,10 to 19 hours,3.12
S082,C,A,A,N,A,A,A,A,N,A,A,Motivation,N,N,A,A,A,A,A,VO,S,VO,O,R,Mod,5 to 10 hours,Mental well-being,18 or 19,First year,Woman,Latino/Hispanic,No,Transfer,Health professions,Very conf.,9 to 11 credits,More online,20 to 29 hours,3.75
S083,D,N,A,A,A,D,D,A,A,A,N,Motivation,A,A,A,A,A,D,A,S,S,O,O,R,No stress,5 to 10 hours,School,18 or 19,First year,Man,Latino/Hispanic,Yes,Transfer,STEM,Low conf.,12 to 14 credits,More online,1 to 9 hours,3.38
S084,B,SA,A,SA,SD,A,A,A,D,SA,D,Mental stress,D,A,SA,A,A,SD,A,VO,S,O,S,Nvr,Ext,20 or more hours,School,20 or 21,Second year,Woman,East Asian,Yes,Transfer,STEM,Very conf.,15 or more credits,Equal,1 to 9 hours,3.62
S085,C,N,A,A,A,N,A,A,A,N,SA,Low energy,N,A,A,N,A,N,,VO,R,O,S,R,Slight,under 5 hours,Future,18 or 19,First year,Woman,East Asian,Yes,Transfer,Business,Some conf.,15 or more credits,More online,20 to 29 hours,3.75
S086,C,N,A,A,N,N,A,SA,D,A,A,Motivation,N,A,A,A,A,N,A,S,S,VO,R,R,Mod,11 to 19 hours,Future,18 or 19,First year,Woman,Black/African Am.,Yes,Transfer,Social sciences,Unsure,9 to 11 credits,Equal,0 hours,3.5
S087,B,A,A,N,A,A,A,N,A,A,A,Not prepared,A,N,A,A,A,N,A,O,S,S,S,Nvr,No stress,under 5 hours,Money,20 or 21,Second year,Woman,East Asian,Yes,Transfer,STEM,Some conf.,12 to 14 credits,Equal,0 hours,3.75
S088,B,N,A,A,A,N,A,N,A,A,D,Family/care,N,A,A,N,A,N,A,O,S,S,O,O,Mod,5 to 10 hours,Friends/relations,20 or 21,Third+,Woman,Latino/Hispanic,Yes,Transfer,Business,Unsure,1 to 5 credits,Equal,1 to 9 hours,3.62
S089,D,N,N,A,D,A,A,A,N,N,N,Teaching,,SD,A,A,A,A,A,O,O,S,S,VO,Prefer not,20 or more hours,Friends/relations,18 or 19,First year,Woman,South Asian,Not sure,Associate,Health professions,Unsure,9 to 11 credits,All/mostly in-person,0 hours,3.38
S090,B,D,SD,N,D,D,SA,N,SD,D,SD,Work,SD,N,A,A,D,SD,D,S,R,R,O,R,Ext,11 to 19 hours,Money,18 or 19,First year,Man,East Asian,No,Transfer,Business,Some conf.,15 or more credits,All/mostly in-person,30 or more hours,2.38
S091,D,A,N,N,N,A,A,A,D,A,A,Motivation,N,N,SA,D,D,D,A,O,S,O,R,O,Very,5 to 10 hours,School,20 or 21,First year,Man,White,Yes,Transfer,Social sciences,Some conf.,15 or more credits,Equal,0 hours,3.38
S092,B,SA,SA,SA,A,SA,A,A,N,SA,SA,Motivation,A,SA,SA,SA,SA,D,SA,S,O,VO,S,Nvr,Ext,5 to 10 hours,Mental well-being,26 or older,Second year,Man,East Asian,No,Transfer,Social sciences,Some conf.,9 to 11 credits,All/mostly in-person,10 to 19 hours,4.38
S093,B,D,N,SA,D,N,A,A,D,A,D,Motivation,D,SA,A,D,N,D,A,O,S,VO,O,Nvr,Slight,under 5 hours,School,18 or 19,First year,Man,Multiracial,Yes,Transfer,Social sciences,Low conf.,15 or more credits,More in-person,0 hours,3.12
S094,C,SD,SD,SD,D,SD,SD,A,D,D,SD,Mental stress,N,SD,A,SD,A,SD,A,O,VO,VO,R,S,Slight,5 to 10 hours,Future,18 or 19,First year,Woman,East Asian,Yes,Undecided,Health professions,Low conf.,6 to 8 credits,Equal,20 to 29 hours,1.62
S095,D,A,A,SA,A,SA,A,SA,A,SA,N,Motivation,N,SA,A,SA,A,A,SA,VO,S,O,S,O,No stress,5 to 10 hours,Enjoy life,22 to 25,Third+,Woman,White,Not sure,Transfer,Arts/creative,Unsure,6 to 8 credits,All/mostly online,0 hours,4.38
S096,B,D,N,A,D,D,N,A,N,A,D,Motivation,N,A,A,A,A,D,A,S,O,S,R,Nvr,Slight,5 to 10 hours,School,18 or 19,First year,Woman,South Asian,Yes,Transfer,Health professions,Some conf.,15 or more credits,More in-person,1 to 9 hours,2.88
S097,B,D,N,A,N,N,A,A,N,A,N,Mental stress,N,A,A,SA,A,N,SA,O,S,S,R,R,Mod,under 5 hours,Mental well-being,20 or 21,Third+,Woman,East Asian,No,Transfer,Business,Some conf.,9 to 11 credits,All/mostly online,10 to 19 hours,3.25
S098,C,D,A,D,A,N,SA,N,N,N,A,Motivation,SA,D,SA,D,SD,A,N,S,S,S,O,R,Mod,5 to 10 hours,Future,18 or 19,First year,Man,East Asian,Yes,Transfer,Business,Some conf.,15 or more credits,More in-person,10 to 19 hours,3.25
S099,D,SA,A,A,A,SA,SA,A,A,SA,SA,Mental stress,A,N,A,N,A,N,D,VO,R,S,S,Nvr,Slight,5 to 10 hours,School,20 or 21,Third+,Woman,Latino/Hispanic,No,Associate,STEM,Very conf.,12 to 14 credits,All/mostly in-person,10 to 19 hours,4.38
S100,C,A,D,A,A,A,A,N,A,A,A,Not prepared,A,A,A,A,A,D,A,O,R,O,R,Nvr,Slight,under 5 hours,Money,20 or 21,Third+,Man,MENA,No,Transfer,STEM,Some conf.,9 to 11 credits,All/mostly in-person,20 to 29 hours,3.62
S101,D,A,A,SA,N,N,A,A,D,A,A,Mental stress,A,N,N,D,SA,SA,SA,O,S,S,O,Nvr,Very,20 or more hours,Money,18 or 19,Second year,Man,East Asian,Yes,Transfer,STEM,Unsure,15 or more credits,Equal,0 hours,3.62
S102,C,SA,N,SA,A,SA,SA,SA,SA,SA,A,Motivation,A,A,SA,SA,A,N,SA,VO,R,VO,O,Nvr,Mod,under 5 hours,Friends/relations,20 or 21,Third+,Man,Latino/Hispanic,No,Transfer,STEM,Very conf.,12 to 14 credits,More in-person,10 to 19 hours,4.62
S103,B,A,A,A,N,A,A,A,A,A,A,Motivation,A,A,A,A,A,N,SA,O,R,S,O,Nvr,Slight,5 to 10 hours,Friends/relations,20 or 21,Second year,Woman,East Asian,Yes,Transfer,STEM,Some conf.,15 or more credits,All/mostly in-person,1 to 9 hours,3.88
S104,D,N,N,A,N,N,A,N,D,A,N,Low energy,A,A,N,N,A,D,A,R,O,Nvr,O,Prefer not,Very,5 to 10 hours,Other,26 or older,Third+,Man,White,Yes,Undecided,Undecided,Unsure,6 to 8 credits,All/mostly in-person,30 or more hours,3.12
S105,D,A,A,N,A,N,A,A,N,A,A,Family/care,N,A,A,A,A,N,A,S,S,S,S,Nvr,Slight,11 to 19 hours,Family,26 or older,First year,Woman,East Asian,No,Associate,Health professions,Some conf.,9 to 11 credits,All/mostly in-person,0 hours,3.62
S106,A,A,A,SA,A,A,A,A,N,SA,A,Low energy,A,A,SA,SA,SA,A,SA,O,R,R,O,R,Prefer not,5 to 10 hours,Mental well-being,20 or 21,First year,Woman,White,Yes,Transfer,STEM,Some conf.,12 to 14 credits,All/mostly in-person,0 hours,4.0
S107,B,A,A,A,A,A,A,A,N,A,N,Low energy,N,A,A,A,N,N,N,O,R,R,S,Nvr,Mod,11 to 19 hours,Money,18 or 19,First year,Woman,East Asian,No,Transfer,Social sciences,Very conf.,15 or more credits,Equal,10 to 19 hours,3.88
S108,D,N,A,A,D,A,SA,SA,D,N,A,Mental stress,A,A,A,SA,A,N,SA,S,S,O,R,Nvr,Prefer not,5 to 10 hours,School,20 or 21,Second year,Woman,South Asian,Not sure,Transfer,Social sciences,Some conf.,15 or more credits,More online,0 hours,3.62
S109,A,SA,A,A,A,A,A,A,N,A,A,Motivation,A,SA,A,A,D,A,N,S,R,O,R,Nvr,Mod,under 5 hours,Enjoy life,20 or 21,Second year,Woman,East Asian,Yes,Transfer,Social sciences,Some conf.,1 to 5 credits,All/mostly in-person,1 to 9 hours,4.0
S110,B,A,A,A,SA,A,A,SA,N,A,SA,Motivation,A,SA,SA,SA,SA,SA,SA,O,R,VO,VO,S,Mod,11 to 19 hours,School,18 or 19,Second year,Man,East Asian,Yes,Transfer,Business,Some conf.,12 to 14 credits,All/mostly in-person,10 to 19 hours,4.12
S111,B,A,N,A,N,SA,SA,A,A,SA,A,Mental stress,A,SA,SA,SA,A,D,SD,VO,R,R,O,Nvr,Mod,20 or more hours,Family,26 or older,Second year,Woman,Black/African Am.,No,Transfer,Social sciences,Very conf.,15 or more credits,All/mostly online,0 hours,4.0
S112,B,SA,SA,SA,SA,SA,SA,SA,SA,SA,SA,Nothing,SA,SA,SA,SA,SA,SA,SA,VO,Nvr,Nvr,VO,Nvr,Mod,20 or more hours,School,26 or older,Third+,Man,White,No,Transfer,Business,Very conf.,15 or more credits,All/mostly online,10 to 19 hours,5.0
S113,A,A,A,N,A,A,A,SA,N,N,A,Mental stress,A,N,A,N,A,SA,SA,O,R,S,O,Nvr,Mod,11 to 19 hours,School,18 or 19,First year,Man,East Asian,Yes,Transfer,Business,Some conf.,15 or more credits,More in-person,0 hours,3.88
S114,B,N,D,A,N,N,D,N,D,N,D,Mental stress,D,SD,A,A,N,N,A,VO,S,S,S,Nvr,Slight,5 to 10 hours,Mental well-being,18 or 19,First year,Woman,White,Not sure,Associate,Arts/creative,Very conf.,6 to 8 credits,All/mostly in-person,0 hours,2.75
S115,C,A,N,A,N,A,A,A,N,A,A,Motivation,N,A,N,A,N,D,D,S,R,R,S,R,Mod,5 to 10 hours,Money,22 to 25,First year,Man,Latino/Hispanic,No,Associate,Undecided,Unsure,9 to 11 credits,All/mostly in-person,10 to 19 hours,3.62
S116,B,A,A,N,A,A,A,N,A,SA,SA,Family/care,A,A,A,A,A,D,SA,O,S,O,S,Nvr,Slight,11 to 19 hours,School,26 or older,Third+,Man,East Asian,No,Transfer,Health professions,Some conf.,9 to 11 credits,More online,10 to 19 hours,3.75
S117,C,A,SA,SA,A,SA,A,SA,A,SA,A,Nothing,A,SA,SA,SA,SA,A,SA,O,Nvr,S,VO,Nvr,No stress,11 to 19 hours,School,18 or 19,First year,Man,White,Yes,Transfer,Business,Some conf.,15 or more credits,All/mostly in-person,0 hours,4.5
S118,B,A,A,A,N,SA,N,SA,SA,SA,A,Motivation,A,SA,SA,A,A,A,SA,O,S,VO,S,Nvr,No stress,5 to 10 hours,Future,18 or 19,First year,Woman,Latino/Hispanic,Yes,Transfer,Social sciences,Unsure,15 or more credits,Equal,0 hours,4.12
S119,C,SA,SA,SA,SA,SA,SA,A,SA,SA,SA,Work,A,SA,SA,SA,SA,N,SA,VO,S,Nvr,O,R,No stress,,Money,26 or older,First year,Woman,Latino/Hispanic,No,Transfer,Humanities,Very conf.,15 or more credits,All/mostly online,30 or more hours,4.88
S120,D,A,A,N,N,SA,SA,D,D,N,A,Mental stress,SA,N,D,N,SA,N,D,R,O,VO,R,Nvr,Prefer not,5 to 10 hours,School,18 or 19,Second year,Woman,Multiracial,Yes,Transfer,Social sciences,Very conf.,12 to 14 credits,Equal,0 hours,3.5
S121,B,A,A,A,A,SA,A,A,A,A,A,Teaching,A,A,SA,SA,SA,A,SA,VO,Nvr,S,O,Nvr,Slight,5 to 10 hours,Future,18 or 19,First year,Woman,Latino/Hispanic,No,Associate,Business,Very conf.,12 to 14 credits,Equal,1 to 9 hours,4.12
S122,D,SA,A,N,A,A,SA,SA,SA,SA,D,Mental stress,D,SD,N,A,A,SD,N,VO,O,VO,VO,Nvr,No stress,11 to 19 hours,School,20 or 21,Third+,Woman,Latino/Hispanic,No,Transfer,Health professions,Very conf.,15 or more credits,More online,20 to 29 hours,4.38
S123,D,N,A,N,A,N,SA,A,A,A,A,Mental stress,N,D,A,A,N,D,SA,O,R,S,O,Nvr,Very,20 or more hours,Future,18 or 19,First year,Woman,South Asian,No,Associate,Health professions,Some conf.,15 or more credits,Equal,10 to 19 hours,3.75
S124,C,SA,A,SA,SA,SA,A,A,SA,SA,A,Family/care,A,A,A,A,A,SA,SA,VO,Nvr,S,O,Nvr,Mod,5 to 10 hours,School,26 or older,Third+,Man,East Asian,No,Transfer,Health professions,Some conf.,12 to 14 credits,All/mostly in-person,10 to 19 hours,4.62
S125,A,A,A,N,A,N,SA,A,N,A,A,Not prepared,A,N,SA,A,N,SD,SA,VO,R,Nvr,S,O,Slight,5 to 10 hours,School,18 or 19,First year,Man,Latino/Hispanic,No,Associate,STEM,Some conf.,12 to 14 credits,All/mostly in-person,0 hours,3.75
S126,C,N,A,A,D,D,N,A,D,N,SA,Mental stress,SA,N,N,N,A,N,D,S,S,S,R,R,Slight,11 to 19 hours,Future,22 to 25,Second year,Man,Multiracial,Yes,Transfer,STEM,Very conf.,9 to 11 credits,More online,0 hours,3.0
S127,D,A,A,A,D,D,A,A,D,A,A,Work,D,A,D,A,D,N,D,S,O,S,O,O,Ext,11 to 19 hours,Money,26 or older,Third+,Woman,White,No,Associate,Arts/creative,Very conf.,12 to 14 credits,All/mostly in-person,1 to 9 hours,3.25
S128,A,SA,D,D,D,A,A,A,D,A,A,Mental stress,D,D,N,D,D,D,A,S,S,VO,R,R,Ext,5 to 10 hours,Future,22 to 25,Third+,Man,Latino/Hispanic,No,Transfer,Arts/creative,Some conf.,15 or more credits,All/mostly online,20 to 29 hours,3.12
S129,D,D,D,A,N,A,A,A,N,A,A,Motivation,N,A,A,A,A,D,A,S,R,O,R,Nvr,Slight,under 5 hours,Mental well-being,20 or 21,Third+,Man,White,Yes,Transfer,Humanities,Not conf.,6 to 8 credits,All/mostly in-person,0 hours,3.25
S130,C,N,A,A,A,N,A,A,N,A,N,Work,A,A,A,A,A,N,,S,S,S,S,R,Ext,11 to 19 hours,Money,26 or older,Third+,Woman,White,Not sure,Transfer,Arts/creative,Low conf.,12 to 14 credits,More in-person,10 to 19 hours,3.62
S131,C,SA,A,SA,SA,SA,SA,A,SA,A,N,Not prepared,A,SA,SA,SA,SA,SA,SD,O,Nvr,Nvr,O,Nvr,Mod,20 or more hours,School,18 or 19,First year,Man,Latino/Hispanic,No,Transfer,Social sciences,Unsure,12 to 14 credits,More in-person,0 hours,4.75
S132,D,N,N,A,N,N,A,N,N,N,N,Low energy,N,A,A,N,A,N,N,S,S,R,S,Nvr,Prefer not,5 to 10 hours,School,20 or 21,Third+,Woman,Prefer not,Prefer not,Transfer,Arts/creative,Some conf.,6 to 8 credits,More in-person,1 to 9 hours,3.25
S133,A,SA,A,A,A,SA,SA,SA,A,A,A,Family/care,A,N,SA,SA,A,N,A,VO,S,O,R,Nvr,Very,11 to 19 hours,Money,18 or 19,First year,Woman,Latino/Hispanic,Not sure,Associate,Humanities,Very conf.,12 to 14 credits,More online,0 hours,4.5
S134,B,D,D,N,D,N,A,N,N,N,N,Not prepared,D,N,N,N,D,D,N,S,S,S,S,Nvr,Slight,under 5 hours,Money,26 or older,Prefer not,Woman,Latino/Hispanic,No,Associate,Social sciences,Some conf.,12 to 14 credits,Equal,20 to 29 hours,2.75
S135,A,N,N,A,D,N,A,N,D,A,N,Not prepared,N,N,A,A,SA,N,SA,S,O,S,R,Nvr,Very,5 to 10 hours,School,18 or 19,Prefer not,Prefer not,Prefer not,Yes,Transfer,Humanities,Some conf.,12 to 14 credits,More in-person,0 hours,3.0
S136,B,A,A,A,SA,A,SA,N,A,N,A,Family/care,N,N,A,N,A,A,,O,S,S,O,Nvr,No stress,5 to 10 hours,Enjoy life,26 or older,Prefer not,Woman,East Asian,Yes,Associate,Arts/creative,Unsure,9 to 11 credits,All/mostly in-person,0 hours,4.12
S137,C,A,SA,SD,A,SA,SA,A,SD,N,A,Family/care,SD,D,N,D,A,D,A,O,S,R,R,S,Mod,5 to 10 hours,Future,22 to 25,Third+,Man,Pacific Islander,No,Undecided,Arts/creative,Unsure,15 or more credits,Equal,30 or more hours,3.62
S138,D,A,N,SA,N,A,A,A,N,A,A,Mental stress,N,SA,A,SA,A,SD,SA,O,S,S,O,S,Mod,5 to 10 hours,School,18 or 19,Second year,Woman,Latino/Hispanic,Yes,Transfer,Arts/creative,Very conf.,6 to 8 credits,All/mostly in-person,1 to 9 hours,3.75
S139,B,A,D,A,D,N,SA,D,N,SA,A,Mental stress,N,SA,A,SA,SD,SD,N,VO,S,VO,S,VO,Ext,5 to 10 hours,School,20 or 21,Third+,Woman,East Asian,No,Associate,Social sciences,Unsure,12 to 14 credits,All/mostly online,1 to 9 hours,3.12
S140,D,A,D,A,A,A,A,A,A,A,A,Work,A,A,A,A,A,A,A,R,R,R,R,Nvr,Very,20 or more hours,Future,18 or 19,Second year,Woman,South Asian,No,Transfer,STEM,Unsure,15 or more credits,More in-person,1 to 9 hours,3.75
S141,C,A,SA,A,SA,N,A,A,A,A,SA,Family/care,A,A,A,A,A,D,SA,O,Nvr,R,S,Nvr,Slight,5 to 10 hours,Future,20 or 21,Second year,Woman,East Asian,No,Transfer,Business,Some conf.,9 to 11 credits,All/mostly in-person,0 hours,4.12
S142,D,A,A,N,A,SA,A,SA,A,A,N,Work,D,A,A,N,A,SD,N,O,R,S,O,Nvr,Ext,5 to 10 hours,Money,20 or 21,Second year,Woman,East Asian,No,Transfer,Business,Unsure,15 or more credits,All/mostly in-person,20 to 29 hours,4.12
S143,A,A,SA,A,D,A,A,A,D,D,D,Mental stress,A,A,A,A,A,A,SA,O,O,S,VO,VO,No stress,under 5 hours,Mental well-being,20 or 21,Third+,Man,MENA,No,Transfer,Business,Low conf.,12 to 14 credits,More online,30 or more hours,3.62
S144,A,SA,SA,A,SA,SA,SA,SA,SA,A,SA,Teaching,A,A,A,A,A,A,SA,O,R,O,O,R,No stress,under 5 hours,School,22 to 25,Second year,Man,East Asian,No,Transfer,STEM,Some conf.,9 to 11 credits,All/mostly in-person,0 hours,4.88
S145,A,A,A,A,A,A,A,A,A,A,SA,Motivation,A,A,SA,A,SA,D,SA,VO,Nvr,VO,S,Nvr,No stress,11 to 19 hours,School,18 or 19,First year,Woman,East Asian,Yes,Transfer,STEM,Some conf.,15 or more credits,Equal,1 to 9 hours,4.0
S146,C,A,A,N,A,A,A,A,N,N,N,Not prepared,D,A,A,N,A,SD,N,S,S,VO,VO,S,Very,20 or more hours,Money,20 or 21,Second year,Man,East Asian,Yes,Transfer,STEM,Some conf.,15 or more credits,More in-person,20 to 29 hours,3.75
S147,D,A,N,A,A,N,A,A,D,A,A,Mental stress,A,SA,SA,A,A,D,,VO,S,O,O,Nvr,Mod,11 to 19 hours,School,18 or 19,Second year,Woman,South Asian,Yes,Transfer,STEM,Some conf.,15 or more credits,Equal,20 to 29 hours,3.5
S148,C,N,A,A,N,A,A,A,D,A,SA,Mental stress,A,A,A,A,A,A,A,VO,S,S,S,R,Slight,11 to 19 hours,Future,18 or 19,Second year,Woman,MENA,Yes,Transfer,Social sciences,Low conf.,15 or more credits,More in-person,10 to 19 hours,3.5
S149,C,D,A,N,A,SA,A,N,A,A,A,Motivation,A,N,SA,N,A,N,SA,O,R,O,O,R,Slight,5 to 10 hours,Enjoy life,20 or 21,Second year,Woman,Multiracial,Yes,Transfer,Social sciences,Very conf.,9 to 11 credits,More in-person,10 to 19 hours,3.62
S150,A,A,A,N,A,A,A,N,N,A,A,Mental stress,A,A,SA,SD,A,N,SA,VO,R,VO,R,Nvr,No stress,5 to 10 hours,School,20 or 21,Second year,Woman,White,Yes,Associate,Business,Very conf.,15 or more credits,More online,0 hours,3.62
S151,B,A,A,SA,SA,A,A,SA,N,A,N,Mental stress,A,A,SA,A,A,A,SA,VO,R,S,VO,Nvr,Mod,11 to 19 hours,Enjoy life,20 or 21,Second year,Man,South Asian,Yes,Transfer,Arts/creative,Some conf.,6 to 8 credits,Equal,0 hours,4.25
S152,A,A,N,A,D,N,N,N,N,A,A,Teaching,N,A,A,A,A,D,A,S,O,S,S,O,Very,under 5 hours,Mental well-being,22 to 25,Prefer not,Woman,Multiracial,Yes,Certificate,Humanities,Some conf.,1 to 5 credits,All/mostly in-person,10 to 19 hours,3.12
S153,A,N,N,N,N,N,N,A,N,A,D,Other,N,N,N,D,N,D,N,VO,O,S,O,O,Slight,11 to 19 hours,Friends/relations,18 or 19,Second year,Man,East Asian,No,Transfer,Health professions,Some conf.,12 to 14 credits,More in-person,30 or more hours,3.12
S154,C,A,A,SA,SA,A,A,SA,A,SA,SA,Motivation,SA,SA,SA,N,SA,A,SA,S,S,VO,VO,R,Slight,5 to 10 hours,Future,20 or 21,Second year,Woman,East Asian,Yes,Transfer,Business,Some conf.,15 or more credits,All/mostly in-person,20 to 29 hours,4.38
S155,B,A,A,N,A,A,A,SA,N,A,A,Motivation,A,SA,D,A,A,SA,SA,R,S,O,VO,Nvr,Mod,11 to 19 hours,School,18 or 19,Second year,Man,Latino/Hispanic,No,Transfer,STEM,Very conf.,12 to 14 credits,All/mostly in-person,0 hours,3.88
S156,B,A,A,N,N,N,A,SA,A,A,A,Motivation,D,N,N,N,A,D,D,S,R,Nvr,O,Nvr,Ext,under 5 hours,Money,22 to 25,Third+,Man,South Asian,No,Associate,STEM,Some conf.,9 to 11 credits,More in-person,1 to 9 hours,3.75
S157,B,D,D,N,N,D,N,N,N,D,D,Motivation,D,D,D,A,A,D,N,R,VO,S,S,Nvr,Slight,under 5 hours,Mental well-being,20 or 21,First year,Prefer not,Multiracial,Yes,Undecided,Humanities,Unsure,9 to 11 credits,All/mostly online,0 hours,2.62
S158,A,A,A,N,A,A,A,A,A,N,A,Motivation,A,N,SA,D,SA,D,SA,O,R,VO,S,Nvr,No stress,11 to 19 hours,Enjoy life,20 or 21,Second year,Man,East Asian,Yes,Transfer,STEM,Unsure,12 to 14 credits,More in-person,0 hours,3.88
S159,C,N,A,N,N,N,N,N,N,N,N,Motivation,N,N,A,N,A,D,N,O,S,S,S,S,Very,5 to 10 hours,Friends/relations,18 or 19,Second year,Man,East Asian,Yes,Transfer,STEM,Some conf.,12 to 14 credits,All/mostly in-person,20 to 29 hours,3.12
S160,A,D,N,N,N,D,N,A,N,N,A,Motivation,A,N,A,A,A,D,SA,S,S,O,R,O,Mod,under 5 hours,Enjoy life,22 to 25,Third+,Man,Multiracial,Yes,Associate,Undecided,Not conf.,6 to 8 credits,Equal,0 hours,2.88
S161,B,SA,A,D,SA,SA,SA,A,A,D,N,Work,N,SD,SA,D,A,A,SA,O,R,S,VO,R,Ext,under 5 hours,Money,20 or 21,Third+,Man,Latino/Hispanic,Yes,Transfer,Business,Very conf.,15 or more credits,Equal,30 or more hours,4.25
S162,B,N,D,N,D,N,A,A,D,D,D,Motivation,SD,D,A,N,N,SD,A,S,VO,VO,S,O,Ext,5 to 10 hours,Money,20 or 21,Third+,Woman,Prefer not,No,Associate,Career/tech,Very conf.,9 to 11 credits,All/mostly in-person,20 to 29 hours,2.88
S163,D,A,A,A,A,A,A,N,A,A,A,Work,D,A,A,A,A,SD,D,S,O,S,O,Nvr,Ext,5 to 10 hours,Money,22 to 25,Second year,Woman,White,No,Transfer,Career/tech,Very conf.,12 to 14 credits,More in-person,20 to 29 hours,3.88
S164,A,A,A,N,A,A,A,A,A,A,A,Motivation,A,A,D,A,SA,D,A,S,O,S,VO,Nvr,Mod,5 to 10 hours,School,18 or 19,First year,Woman,East Asian,No,Associate,Health professions,Unsure,12 to 14 credits,More in-person,1 to 9 hours,3.88
S165,D,A,A,A,A,A,A,A,A,A,A,Mental stress,A,A,SA,A,A,N,SA,VO,R,VO,O,S,Mod,5 to 10 hours,Enjoy life,22 to 25,Third+,Man,East Asian,Yes,Transfer,STEM,Some conf.,12 to 14 credits,All/mostly in-person,10 to 19 hours,4.0
S166,C,A,A,A,A,A,A,SA,A,SA,N,Teaching,A,A,SA,N,A,N,,O,R,S,VO,Nvr,Slight,under 5 hours,Future,18 or 19,First year,Man,Latino/Hispanic,No,Transfer,Health professions,Unsure,15 or more credits,All/mostly in-person,0 hours,4.12
S167,D,A,A,N,A,SA,SA,SA,D,D,SA,Motivation,A,SA,SA,N,D,A,A,VO,S,O,O,Nvr,Ext,5 to 10 hours,School,20 or 21,Second year,Woman,MENA,No,Transfer,STEM,Some conf.,12 to 14 credits,More online,10 to 19 hours,4.0
S168,A,SA,SA,A,SA,SA,SA,A,A,SA,SA,Work,A,SA,N,A,SA,D,SD,VO,R,R,O,R,Slight,11 to 19 hours,Enjoy life,20 or 21,Third+,Man,East Asian,Yes,Transfer,STEM,Very conf.,15 or more credits,All/mostly in-person,20 to 29 hours,4.62
S169,B,A,A,SA,A,SA,A,A,N,SA,SA,Nothing,SA,A,SA,A,SA,A,A,O,R,S,O,Nvr,Slight,5 to 10 hours,Future,26 or older,First year,Woman,Latino/Hispanic,Not sure,Associate,Arts/creative,Some conf.,12 to 14 credits,More in-person,0 hours,4.12
S170,A,A,A,D,D,D,A,A,SD,A,A,Family/care,A,D,A,D,A,A,SD,S,VO,R,S,R,Ext,5 to 10 hours,Enjoy life,26 or older,Third+,Woman,Prefer not,Yes,Transfer,Social sciences,Very conf.,6 to 8 credits,More in-person,0 hours,2.88
S171,A,A,SA,A,N,SA,SA,SA,SA,SA,SA,Work,SA,A,SA,SA,A,SD,SA,VO,Nvr,R,S,R,No stress,5 to 10 hours,School,22 to 25,Third+,Man,Native/Indigenous,Yes,Associate,Arts/creative,Not conf.,9 to 11 credits,More in-person,20 to 29 hours,4.5
S172,A,N,N,N,N,N,A,A,N,N,N,Mental stress,SD,N,D,N,A,D,N,R,R,S,S,Nvr,No stress,20 or more hours,Money,20 or 21,Third+,Man,Latino/Hispanic,No,Transfer,STEM,Unsure,12 to 14 credits,More online,0 hours,3.25
S173,A,A,SA,N,SA,SA,SA,SA,A,N,SA,Nothing,A,A,SA,N,SA,SA,,O,Nvr,Nvr,O,Nvr,No stress,20 or more hours,Mental well-being,20 or 21,Third+,Man,MENA,Yes,Transfer,STEM,Very conf.,15 or more credits,Equal,0 hours,4.5
S174,A,N,A,A,N,A,A,N,N,A,D,Motivation,A,N,SA,D,SD,N,A,VO,R,VO,R,Nvr,Very,5 to 10 hours,School,20 or 21,Second year,Woman,Latino/Hispanic,Not sure,Transfer,Health professions,Very conf.,15 or more credits,All/mostly in-person,0 hours,3.5
S175,C,A,A,SA,A,SA,SA,A,SA,SA,A,Nothing,A,A,N,A,A,D,SA,S,VO,O,S,Nvr,Prefer not,20 or more hours,School,22 to 25,Second year,Woman,Prefer not,No,Transfer,Prefer not,Very conf.,15 or more credits,More in-person,0 hours,4.5
S176,D,SA,SA,SA,A,SA,SA,SA,A,SA,SA,Motivation,A,N,SA,N,SA,SD,SD,VO,S,VO,VO,O,Ext,5 to 10 hours,Money,18 or 19,First year,Man,White,No,Transfer,Social sciences,Very conf.,15 or more credits,Equal,30 or more hours,4.75
S177,D,A,N,SA,A,SA,SA,SA,A,SA,SA,Motivation,N,SA,SA,A,A,SD,A,O,S,VO,R,S,Ext,under 5 hours,Money,20 or 21,Second year,Woman,Latino/Hispanic,No,Transfer,Undecided,Unsure,15 or more credits,All/mostly in-person,0 hours,4.38
S178,D,A,A,N,A,A,A,A,N,A,A,Mental stress,D,A,A,A,N,A,A,S,S,S,R,Nvr,Mod,5 to 10 hours,School,18 or 19,First year,Woman,MENA,No,Transfer,Health professions,Very conf.,12 to 14 credits,More online,1 to 9 hours,3.75
S179,D,A,A,A,A,D,A,A,A,A,A,Not prepared,A,D,A,N,A,D,SA,VO,S,S,S,R,Ext,11 to 19 hours,School,20 or 21,Third+,Woman,White,No,Associate,Health professions,Very conf.,6 to 8 credits,Equal,20 to 29 hours,3.75
S180,D,SA,A,N,A,A,A,A,A,A,A,Motivation,N,A,A,A,A,D,SA,O,S,O,R,R,Slight,5 to 10 hours,School,18 or 19,First year,Woman,White,Not sure,Associate,Business,Some conf.,12 to 14 credits,All/mostly in-person,1 to 9 hours,4.0
S181,A,A,A,A,D,A,A,SA,N,A,A,Motivation,A,A,A,A,SA,A,A,O,R,S,O,Nvr,Mod,11 to 19 hours,Future,18 or 19,Second year,Man,Latino/Hispanic,No,Transfer,STEM,Very conf.,12 to 14 credits,All/mostly in-person,0 hours,3.75
S182,D,N,N,A,N,D,D,SD,D,N,N,Mental stress,N,N,A,N,A,N,SA,S,S,S,S,Nvr,Ext,under 5 hours,Money,20 or 21,First year,Woman,Latino/Hispanic,No,Undecided,STEM,Not conf.,1 to 5 credits,All/mostly in-person,0 hours,2.5
S183,C,SA,A,A,A,A,A,SA,SA,SA,N,Motivation,A,A,A,A,A,A,SA,VO,S,R,VO,Nvr,Very,5 to 10 hours,Money,,First year,Woman,Latino/Hispanic,No,Transfer,Health professions,Very conf.,9 to 11 credits,All/mostly in-person,1 to 9 hours,4.38
S184,B,A,A,A,A,A,A,A,A,A,A,Mental stress,A,A,A,A,A,N,A,O,S,S,R,Nvr,Slight,5 to 10 hours,School,20 or 21,Third+,Woman,Latino/Hispanic,No,Transfer,Social sciences,Very conf.,6 to 8 credits,Equal,10 to 19 hours,4.0
S185,C,N,A,N,D,N,D,A,N,SA,A,Mental stress,N,N,A,A,A,D,A,S,S,O,R,Nvr,Slight,under 5 hours,Future,18 or 19,First year,Woman,MENA,Yes,Transfer,Social sciences,Unsure,12 to 14 credits,All/mostly in-person,0 hours,3.0
S186,B,A,N,A,D,D,SA,N,SD,A,A,Motivation,A,SA,A,A,D,D,A,S,VO,S,S,Nvr,Ext,5 to 10 hours,Friends/relations,18 or 19,First year,Other,White,Yes,Transfer,STEM,Very conf.,15 or more credits,All/mostly in-person,1 to 9 hours,3.0
S187,A,D,A,N,SA,N,A,A,SA,D,N,Motivation,SA,N,SA,SA,SA,SA,,R,O,R,S,Nvr,Mod,under 5 hours,Future,20 or 21,Prefer not,Man,Multiracial,No,Transfer,Business,Not conf.,12 to 14 credits,All/mostly in-person,0 hours,3.75
S188,C,A,D,A,N,N,A,A,N,A,A,Teaching,N,SA,N,A,A,D,N,S,S,VO,R,S,No stress,11 to 19 hours,School,18 or 19,Second year,Man,East Asian,No,Associate,Health professions,Unsure,12 to 14 credits,More in-person,0 hours,3.38
S189,B,SA,SA,A,SA,SA,A,SA,SA,SA,SA,Nothing,SA,SA,SA,SA,SA,N,SA,VO,S,O,O,Nvr,Very,20 or more hours,Future,22 to 25,Third+,Woman,East Asian,Yes,Transfer,Health professions,Very conf.,12 to 14 credits,All/mostly in-person,20 to 29 hours,4.75
S190,A,SA,SA,SA,A,A,SA,,SA,SA,SA,Work,SA,SA,SA,SA,SA,SA,A,VO,Nvr,S,VO,Nvr,Slight,under 5 hours,School,18 or 19,Second year,Woman,Latino/Hispanic,No,Transfer,Social sciences,Very conf.,12 to 14 credits,More in-person,20 to 29 hours,4.71
S191,C,A,N,A,SD,N,N,A,D,A,N,Mental stress,SD,SA,N,A,N,SD,SD,S,VO,S,O,S,Ext,11 to 19 hours,Family,26 or older,Third+,Nonbinary,Multiracial,No,Certificate,Humanities,Some conf.,9 to 11 credits,All/mostly in-person,0 hours,3.0
S192,C,A,A,A,N,A,A,N,N,SA,SA,Mental stress,N,SA,A,A,N,N,A,VO,S,O,VO,Nvr,No stress,5 to 10 hours,Future,18 or 19,Second year,Woman,Latino/Hispanic,No,Transfer,Social sciences,Some conf.,12 to 14 credits,All/mostly in-person,0 hours,3.62
S193,A,N,A,N,N,A,D,SA,A,A,D,Other,N,N,SA,SA,A,D,D,VO,S,VO,R,Nvr,Ext,11 to 19 hours,Future,20 or 21,Second year,Prefer not,Latino/Hispanic,No,Transfer,Arts/creative,Very conf.,12 to 14 credits,More online,10 to 19 hours,3.5
S194,B,N,A,A,A,A,A,SA,A,N,A,Motivation,A,SA,SA,A,A,D,SA,O,R,O,O,Nvr,Slight,5 to 10 hours,Enjoy life,20 or 21,Third+,Man,Multiracial,Yes,Associate,Undecided,No major,12 to 14 credits,Equal,1 to 9 hours,4.0
S195,B,N,A,SA,A,D,SD,A,A,N,D,Motivation,N,A,SA,SA,A,A,N,O,O,VO,S,Nvr,Slight,under 5 hours,School,22 to 25,Third+,Woman,White,Yes,Transfer,Arts/creative,Some conf.,9 to 11 credits,All/mostly in-person,0 hours,3.38
S196,D,A,N,A,A,A,A,A,A,A,A,Not prepared,A,SA,D,D,A,D,D,S,O,VO,R,Nvr,Mod,11 to 19 hours,Money,20 or 21,Second year,Woman,East Asian,No,Transfer,Social sciences,Some conf.,12 to 14 credits,Equal,30 or more hours,3.88
S197,C,A,A,A,A,N,A,A,D,A,A,Motivation,N,A,SA,A,SA,A,A,O,R,VO,S,Nvr,Slight,5 to 10 hours,School,18 or 19,First year,Woman,Latino/Hispanic,Yes,Transfer,STEM,Some conf.,9 to 11 credits,All/mostly in-person,10 to 19 hours,3.62
S198,C,SA,A,A,SA,SA,SA,A,A,A,A,Motivation,A,SA,SA,A,A,D,SA,O,R,O,O,R,Mod,5 to 10 hours,Other,20 or 21,Third+,Man,Multiracial,Yes,Transfer,Business,Some conf.,15 or more credits,More in-person,1 to 9 hours,4.5
S199,C,N,D,A,D,N,D,A,N,N,N,Mental stress,N,A,A,A,A,N,A,S,VO,R,S,Nvr,No stress,5 to 10 hours,Money,22 to 25,Third+,Woman,East Asian,Not sure,Transfer,Social sciences,Some conf.,12 to 14 credits,More in-person,0 hours,2.88
S200,A,A,SA,A,A,N,A,SA,A,A,N,Family/care,A,SA,SA,A,SA,A,A,VO,S,VO,R,Nvr,Mod,5 to 10 hours,Mental well-being,18 or 19,First year,Woman,MENA,Yes,Transfer,Business,Some conf.,9 to 11 credits,All/mostly in-person,0 hours,4.12
S201,B,N,SA,A,N,SA,SA,SA,A,SA,SA,Nothing,SA,A,SA,A,SA,SA,,VO,S,Nvr,O,Nvr,Ext,11 to 19 hours,Future,26 or older,Third+,Woman,Black/African Am.,No,Transfer,Health professions,Very conf.,15 or more credits,Equal,0 hours,4.25
S202,A,A,A,D,A,A,A,A,D,A,A,Mental stress,A,N,D,N,A,SD,D,R,S,S,VO,O,No stress,5 to 10 hours,School,26 or older,Third+,Man,South Asian,Yes,Associate,STEM,Very conf.,9 to 11 credits,More in-person,0 hours,3.5
S203,B,A,A,A,A,A,SA,SA,A,SA,N,Motivation,A,A,A,A,A,A,A,S,R,S,O,S,Mod,5 to 10 hours,Money,18 or 19,First year,Man,East Asian,Yes,Associate,Business,Unsure,12 to 14 credits,Equal,10 to 19 hours,4.25
S204,A,A,A,N,N,A,SA,SA,N,N,A,Motivation,A,A,SA,D,A,D,A,O,S,O,S,Prefer not,Very,5 to 10 hours,Enjoy life,18 or 19,First year,Woman,Multiracial,Yes,Transfer,Social sciences,Some conf.,12 to 14 credits,Equal,10 to 19 hours,3.88
S205,B,A,N,A,N,N,D,D,D,N,A,Motivation,N,A,A,A,N,A,A,S,O,O,R,Nvr,Mod,11 to 19 hours,Future,18 or 19,First year,Woman,Latino/Hispanic,No,Transfer,Humanities,Very conf.,12 to 14 credits,All/mostly in-person,20 to 29 hours,2.88
S206,B,SD,A,A,SD,SD,SA,N,SD,SA,N,Mental stress,SD,SA,A,SA,A,N,D,O,VO,S,O,VO,Mod,5 to 10 hours,School,17 or younger,First year,Prefer not,Multiracial,Yes,Transfer,STEM,Very conf.,9 to 11 credits,All/mostly in-person,0 hours,2.5
S207,B,A,A,SA,N,A,N,A,A,SA,SA,Mental stress,N,A,A,A,A,D,N,VO,S,S,S,Nvr,Slight,5 to 10 hours,School,18 or 19,First year,Woman,Latino/Hispanic,No,Transfer,Prefer not,Very conf.,12 to 14 credits,More online,20 to 29 hours,3.88
S208,B,A,A,D,N,N,D,A,N,A,N,Mental stress,A,D,N,SD,SA,N,N,S,S,S,Nvr,Nvr,Mod,20 or more hours,School,18 or 19,First year,Woman,East Asian,Yes,Transfer,Health professions,Some conf.,12 to 14 credits,More online,0 hours,3.12
S209,C,A,A,A,A,A,A,A,A,A,A,Work,N,A,A,A,A,N,A,S,S,O,S,Prefer not,Slight,20 or more hours,Money,18 or 19,Second year,Woman,Multiracial,No,Transfer,Social sciences,Very conf.,15 or more credits,All/mostly online,20 to 29 hours,4.0
S210,A,A,A,A,A,N,A,N,A,A,A,Motivation,A,A,A,A,A,A,A,O,R,S,O,Nvr,Slight,5 to 10 hours,Enjoy life,Prefer not,Second year,Man,Prefer not,Yes,Transfer,Prefer not,Some conf.,12 to 14 credits,All/mostly online,0 hours,3.75
S211,B,D,A,SD,D,SD,SA,A,A,N,A,Mental stress,A,SD,A,D,SA,D,A,R,R,VO,O,Nvr,Slight,under 5 hours,Future,18 or 19,Second year,Man,,No,Transfer,STEM,Unsure,15 or more credits,More online,10 to 19 hours,2.88
S212,A,N,N,A,A,A,A,A,A,SA,N,Low energy,D,SA,SA,A,A,N,A,S,R,S,O,Nvr,Slight,11 to 19 hours,School,20 or 21,Third+,Woman,South Asian,Yes,Transfer,STEM,Some conf.,15 or more credits,Equal,1 to 9 hours,3.75
S213,D,D,D,N,N,N,N,N,N,N,D,Mental stress,D,N,N,N,D,D,N,R,S,R,S,Nvr,Slight,11 to 19 hours,Money,18 or 19,First year,Woman,White,Not sure,Undecided,Undecided,No major,12 to 14 credits,More online,20 to 29 hours,2.75
S214,C,SD,A,A,A,SA,SA,N,SA,SD,SD,Teaching,D,SA,SA,N,SA,SD,A,VO,R,VO,Nvr,Nvr,Ext,11 to 19 hours,School,18 or 19,First year,Man,Black/African Am.,Yes,Transfer,STEM,Very conf.,15 or more credits,More in-person,0 hours,3.88
S215,C,A,A,A,SD,N,A,SA,D,N,A,Mental stress,A,A,SA,SA,SA,A,SA,O,O,S,S,R,Very,20 or more hours,School,18 or 19,First year,Man,Multiracial,Yes,Transfer,STEM,Some conf.,15 or more credits,All/mostly in-person,1 to 9 hours,3.38
S216,D,A,A,A,N,A,SA,A,N,SA,A,Work,N,A,A,SA,SA,D,SA,S,R,S,S,Nvr,Mod,11 to 19 hours,Money,26 or older,Third+,Woman,Black/African Am.,Yes,Transfer,Social sciences,Some conf.,12 to 14 credits,All/mostly online,30 or more hours,3.88
S217,C,A,A,SA,SA,A,A,SA,A,A,SA,Mental stress,A,A,SA,SA,SA,SA,SA,O,R,Nvr,O,Nvr,No stress,5 to 10 hours,School,18 or 19,Second year,Man,South Asian,Yes,Transfer,STEM,Very conf.,12 to 14 credits,More online,0 hours,4.38
S218,B,SA,A,A,A,SA,SA,A,A,A,A,Motivation,A,SA,SA,A,N,A,SA,VO,R,S,VO,Nvr,No stress,5 to 10 hours,Future,17 or younger,First year,Man,South Asian,Yes,Transfer,STEM,Very conf.,9 to 11 credits,More in-person,0 hours,4.38
S219,D,A,D,A,D,A,D,D,D,A,SD,Motivation,D,D,A,A,A,A,SD,S,S,VO,R,Nvr,No stress,5 to 10 hours,School,20 or 21,Third+,Woman,MENA,Yes,Transfer,Business,Some conf.,12 to 14 credits,More in-person,0 hours,2.75
S220,A,A,A,N,A,A,A,A,A,N,N,Family/care,N,A,A,A,N,D,D,O,O,O,O,Nvr,Very,5 to 10 hours,Enjoy life,18 or 19,First year,Woman,East Asian,No,Transfer,Health professions,Some conf.,12 to 14 credits,All/mostly online,20 to 29 hours,3.88
S221,A,A,A,N,A,SA,A,A,N,A,A,Motivation,N,D,A,N,A,N,SA,O,R,O,VO,Nvr,Slight,5 to 10 hours,Future,18 or 19,First year,Woman,White,Yes,Transfer,Business,Some conf.,15 or more credits,All/mostly online,0 hours,3.88
S222,D,SA,N,SA,SA,SA,SA,SA,SA,SA,N,Teaching,SA,A,SA,A,SA,A,SA,VO,R,S,S,Nvr,Slight,5 to 10 hours,School,18 or 19,First year,Woman,Latino/Hispanic,Yes,Transfer,Arts/creative,Very conf.,15 or more credits,All/mostly in-person,0 hours,4.75
S223,C,SA,A,SA,SA,SA,SA,SA,A,A,N,Family/care,N,A,SA,A,A,N,SA,O,R,S,O,Nvr,No stress,5 to 10 hours,Future,26 or older,Second year,Woman,Multiracial,No,Transfer,STEM,Very conf.,9 to 11 credits,All/mostly in-person,0 hours,4.75
S224,B,N,A,A,A,SA,SA,SA,SA,A,A,Mental stress,A,SD,A,A,N,A,SA,S,S,VO,VO,Nvr,Very,under 5 hours,Money,20 or 21,Second year,Man,MENA,No,Transfer,Business,Some conf.,15 or more credits,More online,30 or more hours,4.38
S225,D,SA,A,SA,A,SA,SA,A,SA,A,A,Nothing,SA,SA,SA,A,A,A,SA,VO,Nvr,S,S,Nvr,No stress,5 to 10 hours,School,18 or 19,First year,Woman,Latino/Hispanic,No,Transfer,Health professions,Very conf.,12 to 14 credits,All/mostly in-person,0 hours,4.62
S226,D,A,A,A,SA,A,N,SA,A,SA,A,Low energy,N,SA,N,D,N,SD,N,O,S,VO,O,Nvr,Mod,5 to 10 hours,School,20 or 21,Second year,Man,Pacific Islander,Not sure,Transfer,Business,Some conf.,15 or more credits,More in-person,20 to 29 hours,4.12
S227,C,A,D,A,A,SD,N,A,A,N,D,Mental stress,SD,A,SA,SD,D,D,A,S,S,VO,O,Nvr,Ext,11 to 19 hours,School,18 or 19,First year,Woman,Multiracial,Yes,Associate,STEM,Some conf.,15 or more credits,More online,1 to 9 hours,3.25
S228,D,SD,A,N,A,SA,SA,SA,N,SA,SA,Mental stress,N,D,SA,N,A,D,SA,O,S,VO,VO,S,Very,under 5 hours,Future,18 or 19,First year,Man,Latino/Hispanic,No,Transfer,Social sciences,Very conf.,15 or more credits,All/mostly online,30 or more hours,3.75
S229,D,SA,A,A,A,A,A,A,A,A,A,Motivation,A,A,A,A,SA,A,SA,O,S,VO,VO,R,Slight,11 to 19 hours,School,26 or older,Third+,Man,East Asian,Yes,Transfer,Social sciences,Very conf.,12 to 14 credits,All/mostly in-person,30 or more hours,4.12
S230,C,SA,SA,A,N,SA,A,SA,A,SA,A,Mental stress,N,N,SA,SA,SA,SD,A,O,S,VO,VO,Nvr,Mod,5 to 10 hours,Mental well-being,18 or 19,First year,Man,Multiracial,Yes,Transfer,Prefer not,Very conf.,15 or more credits,Equal,10 to 19 hours,4.38
S231,B,A,SA,N,A,A,A,A,A,N,N,Motivation,N,D,SA,N,A,D,N,VO,R,R,R,Nvr,Mod,under 5 hours,Other,20 or 21,First year,Man,Latino/Hispanic,No,Transfer,Business,Very conf.,12 to 14 credits,All/mostly in-person,20 to 29 hours,4.0
S232,D,SD,A,N,SD,SD,A,D,N,N,A,Family/care,A,SD,D,N,D,SD,SD,R,VO,R,O,Nvr,Ext,11 to 19 hours,Money,22 to 25,Third+,Nonbinary,South Asian,Yes,Transfer,Business,Some conf.,15 or more credits,All/mostly online,1 to 9 hours,2.38
S233,A,N,A,A,D,N,A,A,N,N,N,Motivation,A,D,A,A,D,D,SA,O,R,VO,O,Nvr,Ext,under 5 hours,Future,18 or 19,First year,Man,Latino/Hispanic,No,Transfer,Business,Some conf.,9 to 11 credits,More in-person,30 or more hours,3.38
S234,D,SA,SA,SA,SA,SA,SA,SA,SA,SA,SA,Nothing,SA,SA,SA,SA,SA,SA,SA,O,R,O,R,Nvr,No stress,5 to 10 hours,Enjoy life,26 or older,Second year,Woman,East Asian,No,Transfer,Arts/creative,Very conf.,12 to 14 credits,More online,20 to 29 hours,5.0
S235,A,A,A,SA,D,N,A,A,N,A,A,Mental stress,D,A,A,A,A,D,D,O,S,S,S,S,Mod,5 to 10 hours,Mental well-being,26 or older,Third+,Woman,Latino/Hispanic,Not sure,Associate,Social sciences,Some conf.,12 to 14 credits,All/mostly online,30 or more hours,3.62
S236,C,A,A,A,A,A,A,A,N,A,A,Work,A,A,A,A,A,N,N,S,R,S,S,Nvr,Very,5 to 10 hours,Money,Prefer not,Second year,Woman,Prefer not,No,Transfer,Health professions,Some conf.,12 to 14 credits,More in-person,20 to 29 hours,3.88
S237,A,A,D,D,N,N,N,D,N,A,D,Teaching,D,N,A,N,D,SD,N,O,VO,O,R,Nvr,No stress,11 to 19 hours,School,18 or 19,First year,Woman,East Asian,Yes,Transfer,STEM,Some conf.,15 or more credits,All/mostly in-person,0 hours,2.75
S238,B,A,A,SA,A,A,A,SA,A,A,A,Motivation,A,SA,A,A,A,N,SA,O,O,S,O,Nvr,Mod,11 to 19 hours,School,18 or 19,First year,Woman,Latino/Hispanic,No,Transfer,Humanities,Very conf.,15 or more credits,More in-person,0 hours,4.25
S239,A,A,D,A,A,A,SA,SA,SA,SA,A,Motivation,N,N,A,SA,A,A,N,VO,R,S,O,Nvr,No stress,5 to 10 hours,Enjoy life,17 or younger,First year,Woman,South Asian,Yes,Transfer,STEM,Very conf.,15 or more credits,More online,0 hours,4.12
S240,C,SD,SD,A,SD,N,SD,SD,D,N,A,Work,D,A,N,A,A,A,A,R,VO,Nvr,S,Nvr,Ext,20 or more hours,Future,26 or older,First year,Woman,White,No,Transfer,Career/tech,Very conf.,12 to 14 credits,More online,30 or more hours,1.75
S241,C,N,A,SA,N,D,N,SD,N,N,N,Motivation,A,N,N,A,A,SA,SA,S,S,Nvr,O,Nvr,No stress,5 to 10 hours,Enjoy life,18 or 19,Second year,Woman,South Asian,Yes,Transfer,Social sciences,Very conf.,9 to 11 credits,All/mostly in-person,1 to 9 hours,3.0
S242,C,A,SA,SA,A,SA,SA,SA,SA,A,N,Mental stress,A,SA,A,SA,A,N,A,O,R,VO,O,Nvr,Ext,5 to 10 hours,Money,18 or 19,First year,Man,Latino/Hispanic,Yes,Associate,Social sciences,Some conf.,12 to 14 credits,More online,10 to 19 hours,4.75
S243,A,SA,SA,SA,SA,SA,SA,SA,SA,SA,SA,Family/care,A,SA,SA,SA,SA,A,N,O,R,S,VO,Nvr,Very,20 or more hours,Family,26 or older,Second year,Woman,Multiracial,Yes,Transfer,Health professions,Very conf.,12 to 14 credits,All/mostly in-person,10 to 19 hours,5.0
S244,A,A,D,A,N,A,N,A,A,A,A,Motivation,D,SA,SA,A,SD,D,D,O,R,VO,Nvr,Nvr,Very,11 to 19 hours,Future,26 or older,Second year,Woman,MENA,No,Transfer,Humanities,Some conf.,15 or more credits,All/mostly in-person,1 to 9 hours,3.5
S245,A,A,N,A,D,D,SA,A,SD,SA,D,Low energy,D,SA,SA,A,A,SD,D,VO,O,VO,R,Nvr,Very,5 to 10 hours,School,20 or 21,Second year,Woman,East Asian,Not sure,Undecided,Health professions,Low conf.,12 to 14 credits,More in-person,0 hours,3.12
S246,B,N,N,A,A,A,A,A,A,A,N,Not prepared,SD,N,A,A,D,D,D,S,R,S,O,Nvr,Very,under 5 hours,Money,18 or 19,First year,Woman,South Asian,Yes,Transfer,STEM,Some conf.,9 to 11 credits,More online,0 hours,3.75
S247,B,A,SA,A,A,SA,A,A,SA,SA,SA,Mental stress,A,SA,SA,SA,A,A,SA,VO,S,VO,O,Nvr,Slight,5 to 10 hours,Mental well-being,26 or older,Third+,Man,Latino/Hispanic,No,Other,STEM,Very conf.,1 to 5 credits,All/mostly in-person,0 hours,4.38
S248,A,SD,SD,SD,D,SD,SD,A,SD,SD,D,Mental stress,SD,SD,N,A,A,SD,A,S,VO,VO,Nvr,S,Very,under 5 hours,Other,18 or 19,First year,Woman,White,Not sure,Transfer,STEM,Not conf.,6 to 8 credits,Equal,0 hours,1.5
S249,A,SA,A,SD,D,A,A,SA,D,SA,SA,Mental stress,SD,SD,A,N,A,D,SD,O,S,VO,O,Nvr,Slight,11 to 19 hours,School,17 or younger,First year,Woman,East Asian,Yes,Transfer,Social sciences,Very conf.,9 to 11 credits,Equal,10 to 19 hours,3.38
S250,A,SA,A,A,A,SA,SA,SA,A,SA,A,Motivation,A,A,SA,A,A,A,SA,VO,S,VO,O,S,Mod,11 to 19 hours,School,20 or 21,First year,Man,Latino/Hispanic,No,Transfer,Business,Some conf.,12 to 14 credits,More online,20 to 29 hours,4.5
S251,A,A,A,A,A,N,A,A,A,A,A,Not prepared,N,A,N,A,A,N,A,O,S,O,S,Nvr,Mod,11 to 19 hours,School,20 or 21,First year,Woman,South Asian,Yes,Transfer,Social sciences,Some conf.,15 or more credits,More in-person,20 to 29 hours,3.88
S252,B,SA,A,N,SA,SA,SA,A,A,SA,SA,Work,SA,A,SA,A,A,D,A,VO,R,VO,VO,Nvr,Very,11 to 19 hours,Family,26 or older,Second year,Woman,White,No,Transfer,Social sciences,Very conf.,15 or more credits,All/mostly online,10 to 19 hours,4.38
