student_id,life_direction_meaning,college_work_resilience,campus_seen_supported,emotionally_steady,hopeful_future,clear_values,life_depth_moments,cheerful_spirits,college_growth,academic_wellbeing,biggest_challenge,school_time_energy,faculty_staff_support,people_to_turn_to,know_support_resources,focus_place,enough_sleep,parent_caregiver_support,enjoyable_company,feels_alone,phone_social_media_interference,physical_activity,alcohol_cannabis_social_coping,money_stress,study_hours_outside_class,life_priority,age_group,college_stage,gender,race_ethnicity,parent_four_year_college,college_goal,major_field,major_confidence,spring_credits,class_modality,paid_work_hours,life_direction_meaning_score,college_work_resilience_score,campus_seen_supported_score,emotionally_steady_score,hopeful_future_score,clear_values_score,life_depth_moments_score,cheerful_spirits_score,college_growth_score,academic_wellbeing_score,school_time_energy_score,faculty_staff_support_score,people_to_turn_to_score,know_support_resources_score,focus_place_score,enough_sleep_score,parent_caregiver_support_score,enjoyable_company_score,feels_alone_score,phone_social_media_interference_score,physical_activity_score,alcohol_cannabis_social_coping_score,money_stress_score,study_hours_outside_class_score,major_confidence_score,spring_credits_score,paid_work_hours_score,wellbeing_index,school_support_index
1,A,SA,A,A,N,SA,SA,D,N,SA,Motivation,A,D,SA,A,SA,D,SA,Nvr,VO,S,O,Nvr,None,under 5 hours,Future,18 or 19,Second year,Woman,MENA,Yes,Transfer,STEM,Some conf.,15 or more credits,More in-person,0 hours,4,5,4,4,3,5,5,2,3,5,4,2,5,4,5,2,5,0,4,2,3,0,0,1,4,5,0,4.0,3.86
2,SA,SA,A,SA,SA,SA,SA,SA,SA,SA,Nothing,SA,SA,SA,SA,SA,SA,NA,VO,Nvr,Nvr,O,Nvr,None,5 to 10 hours,Enjoy life,18 or 19,First year,Woman,White,Yes,Transfer,Health professions,Very conf.,15 or more credits,Equal,20 to 29 hours,5,5,4,5,5,5,5,5,5,5,5,5,5,5,5,5,,4,0,0,3,0,0,2,5,5,3,4.88,5.0
3,A,N,N,N,N,A,A,D,A,D,Low energy,D,N,N,A,A,SD,A,S,S,S,O,S,Mod,11 to 19 hours,Mental well-being,Prefer not,Second year,Woman,East Asian,No,Transfer,Health professions,Unsure,12 to 14 credits,More in-person,0 hours,4,3,3,3,3,4,4,2,4,2,2,3,3,4,4,1,4,2,2,2,3,2,2,3,3,4,0,3.25,3.0
4,D,N,A,D,SD,N,SD,N,D,SD,Teaching,A,SA,A,SD,D,A,A,VO,S,S,O,Nvr,None,under 5 hours,Other,18 or 19,First year,Man,South Asian,Yes,Transfer,Arts/creative,Very conf.,12 to 14 credits,More in-person,1 to 9 hours,2,3,4,2,1,3,1,3,2,1,4,5,4,1,2,4,4,4,2,2,3,0,0,1,5,4,1,2.38,3.43
5,A,A,A,A,A,A,A,A,N,A,Low energy,A,N,N,A,A,N,N,O,R,S,O,Nvr,Very,5 to 10 hours,Money,26 or older,Second year,Woman,East Asian,No,Transfer,Health professions,Some conf.,12 to 14 credits,More in-person,30 or more hours,4,4,4,4,4,4,4,4,3,4,4,3,3,4,4,3,3,3,1,2,3,0,3,2,4,4,4,4.0,3.43
6,A,D,D,SD,D,SA,A,SD,A,A,Mental stress,D,SA,SD,D,N,SD,SD,S,VO,O,S,Nvr,Slight,5 to 10 hours,Mental well-being,18 or 19,First year,Woman,South Asian,Not sure,Associate,Arts/creative,Unsure,12 to 14 credits,All/mostly in-person,0 hours,4,2,2,1,2,5,4,1,4,4,2,5,1,2,3,1,1,2,4,3,2,0,1,2,3,4,0,2.62,2.14
7,A,A,A,A,A,A,A,A,A,A,Not prepared,A,A,A,A,A,A,SA,VO,Nvr,R,S,Nvr,None,5 to 10 hours,School,18 or 19,First year,Woman,Latino/Hispanic,No,Transfer,Health professions,Very conf.,12 to 14 credits,All/mostly in-person,0 hours,4,4,4,4,4,4,4,4,4,4,4,4,4,4,4,4,5,4,0,1,2,0,0,2,5,4,0,4.0,4.14
8,A,A,A,SA,A,A,SA,A,A,A,Not prepared,A,N,SA,A,A,A,SA,VO,S,S,S,Nvr,Mod,11 to 19 hours,School,18 or 19,First year,Woman,Latino/Hispanic,No,Associate,Health professions,Very conf.,12 to 14 credits,More in-person,1 to 9 hours,4,4,4,5,4,4,5,4,4,4,4,3,5,4,4,4,5,4,2,2,2,0,2,3,5,4,1,4.25,4.14
9,A,A,A,A,A,A,A,A,A,D,Not prepared,N,A,A,A,A,D,A,S,S,S,VO,Nvr,Very,11 to 19 hours,School,20 or 21,Second year,Man,East Asian,No,Transfer,STEM,Unsure,12 to 14 credits,All/mostly in-person,10 to 19 hours,4,4,4,4,4,4,4,4,4,2,3,4,4,4,4,2,4,2,2,2,4,0,3,3,3,4,2,4.0,3.57
10,N,D,D,D,SD,A,D,D,D,SD,Low energy,D,D,N,D,D,SD,N,S,S,O,S,Nvr,Very,under 5 hours,Money,20 or 21,Third+,Man,East Asian,Not sure,Transfer,STEM,Not conf.,15 or more credits,Equal,10 to 19 hours,3,2,2,2,1,4,2,2,2,1,2,2,3,2,2,1,3,2,2,3,2,0,3,1,1,5,2,2.25,2.14
11,SA,SA,A,SA,A,A,A,SA,A,SA,Motivation,SA,SA,SA,A,SA,A,A,S,R,S,O,Nvr,Slight,under 5 hours,Friends/relations,18 or 19,Second year,Woman,East Asian,Yes,Transfer,Business,Some conf.,15 or more credits,All/mostly in-person,1 to 9 hours,5,5,4,5,4,4,4,5,4,5,5,5,5,4,5,4,4,2,1,2,3,0,1,1,4,5,1,4.5,4.57
12,A,A,N,A,N,SA,SA,N,A,SA,Work,A,N,SA,A,SA,A,SA,VO,S,VO,VO,R,Very,5 to 10 hours,Money,22 to 25,Third+,Man,Latino/Hispanic,No,Associate,STEM,Very conf.,6 to 8 credits,Equal,30 or more hours,4,4,3,4,3,5,5,3,4,5,4,3,5,4,5,4,5,4,2,4,4,1,3,2,5,2,4,3.88,4.29
13,D,N,SA,SA,N,D,A,D,SD,A,Motivation,N,N,SD,SA,A,A,D,R,O,Nvr,R,S,Slight,5 to 10 hours,Enjoy life,20 or 21,Second year,Prefer not,South Asian,No,Transfer,Social sciences,No major,15 or more credits,More in-person,10 to 19 hours,2,3,5,5,3,2,4,2,1,4,3,3,1,5,4,4,2,1,3,0,1,2,1,2,,5,2,3.25,3.14
14,A,D,N,SD,N,N,A,N,A,D,Motivation,D,D,N,D,D,SD,N,S,R,VO,R,Nvr,Mod,11 to 19 hours,School,18 or 19,First year,Woman,South Asian,Yes,Transfer,Humanities,Very conf.,15 or more credits,More in-person,1 to 9 hours,4,2,3,1,3,3,4,3,4,2,2,2,3,2,2,1,3,2,1,4,1,0,2,3,5,5,1,2.88,2.14
15,A,N,D,N,A,N,A,A,A,A,Mental stress,A,N,A,A,A,A,A,O,VO,S,,Nvr,None,5 to 10 hours,Family,18 or 19,First year,Woman,MENA,No,Associate,Health professions,Some conf.,12 to 14 credits,More online,0 hours,4,3,2,3,4,3,4,4,4,4,4,3,4,4,4,4,4,3,4,2,,0,0,2,4,4,0,3.38,3.86
16,SA,A,SA,A,SA,A,SA,D,SA,SA,Low energy,SD,SA,SA,SA,SA,SD,SA,O,R,R,S,Nvr,Slight,5 to 10 hours,School,22 to 25,Second year,Man,MENA,No,Transfer,Social sciences,Very conf.,12 to 14 credits,More online,20 to 29 hours,5,4,5,4,5,4,5,2,5,5,1,5,5,5,5,1,5,3,1,1,2,0,1,2,5,4,3,4.25,3.86
17,A,A,N,A,N,A,A,A,N,A,Mental stress,N,N,A,A,A,D,A,O,S,O,S,Nvr,None,5 to 10 hours,School,18 or 19,First year,Woman,Multiracial,Yes,Transfer,Undecided,Unsure,12 to 14 credits,Equal,0 hours,4,4,3,4,3,4,4,4,3,4,3,3,4,4,4,2,4,3,2,3,2,0,0,2,3,4,0,3.75,3.43
18,SA,A,SA,SA,SA,SA,A,SA,SA,SA,Family/care,A,SA,A,SA,SA,SA,SA,O,Nvr,S,O,Nvr,Slight,5 to 10 hours,Mental well-being,26 or older,Second year,Man,East Asian,No,Transfer,Health professions,Some conf.,12 to 14 credits,All/mostly in-person,0 hours,5,4,5,5,5,5,4,5,5,5,4,5,4,5,5,5,5,3,0,2,3,0,1,2,4,4,0,4.75,4.71
19,SA,SA,N,A,SA,SA,SA,SA,A,A,Mental stress,A,A,A,N,A,N,SA,O,S,VO,R,Nvr,None,5 to 10 hours,Money,18 or 19,First year,Woman,White,Not sure,Associate,Business,Some conf.,12 to 14 credits,All/mostly in-person,1 to 9 hours,5,5,3,4,5,5,5,5,4,4,4,4,4,3,4,3,5,3,2,4,1,0,0,2,4,4,1,4.62,3.86
20,A,SA,N,D,D,N,A,D,A,A,Mental stress,A,N,SA,SD,D,D,D,O,S,O,VO,O,Mod,5 to 10 hours,Enjoy life,18 or 19,Second year,Man,White,No,Transfer,Social sciences,Some conf.,15 or more credits,More in-person,20 to 29 hours,4,5,3,2,2,3,4,2,4,4,4,3,5,1,2,2,2,3,2,3,4,3,2,2,4,5,3,3.12,2.71
21,A,A,A,A,A,A,A,A,A,A,Family/care,A,A,A,A,A,A,NA,O,S,S,O,Nvr,None,20 or more hours,School,26 or older,First year,Woman,South Asian,No,Transfer,Health professions,Very conf.,12 to 14 credits,More online,1 to 9 hours,4,4,4,4,4,4,4,4,4,4,4,4,4,4,4,4,,3,2,2,3,0,0,4,5,4,1,4.0,4.0
22,D,N,SA,N,N,N,N,D,D,N,Motivation,A,SA,N,A,A,A,SA,,S,O,O,Nvr,None,5 to 10 hours,Future,20 or 21,Second year,Man,East Asian,Yes,Associate,Business,Unsure,9 to 11 credits,All/mostly in-person,1 to 9 hours,2,3,5,3,3,3,3,2,2,3,4,5,3,4,4,4,5,,2,3,3,0,0,2,3,3,1,3.0,4.14
23,N,SA,A,N,A,A,SA,N,SA,A,Mental stress,D,SA,N,A,N,SD,A,S,O,VO,O,Nvr,Mod,5 to 10 hours,School,18 or 19,First year,Woman,East Asian,No,Transfer,Health professions,Some conf.,15 or more credits,All/mostly in-person,10 to 19 hours,3,5,4,3,4,4,5,3,5,4,2,5,3,4,3,1,4,2,3,4,3,0,2,2,4,5,2,3.88,3.14
24,SA,SA,SA,SA,SA,SA,,SA,SA,SA,Family/care,A,SA,SA,SA,A,A,NA,VO,Nvr,R,S,Nvr,Ext,20 or more hours,Family,26 or older,Second year,Woman,MENA,No,Transfer,Business,Unsure,9 to 11 credits,More online,0 hours,5,5,5,5,5,5,,5,5,5,4,5,5,5,4,4,,4,0,1,2,0,4,4,3,3,0,5.0,4.5
25,A,SA,A,SD,D,SD,SD,SD,A,A,Mental stress,A,SA,N,N,A,A,SD,R,VO,R,S,VO,Ext,under 5 hours,Money,20 or 21,Third+,Man,Multiracial,No,Transfer,Health professions,Some conf.,1 to 5 credits,All/mostly in-person,30 or more hours,4,5,4,1,2,1,1,1,4,4,4,5,3,3,4,4,1,1,4,1,2,4,4,1,4,1,4,2.38,3.43
26,A,A,N,A,A,A,A,SA,A,A,Motivation,A,N,SA,A,N,D,SA,O,R,VO,O,Nvr,Slight,under 5 hours,Future,20 or 21,Second year,Man,Multiracial,Yes,Transfer,Undecided,Not conf.,12 to 14 credits,All/mostly online,1 to 9 hours,4,4,3,4,4,4,4,5,4,4,4,3,5,4,3,2,5,3,1,4,3,0,1,1,1,4,1,4.0,3.71
27,A,A,N,A,A,A,N,A,A,A,Family/care,D,N,A,A,A,A,A,O,O,VO,S,Nvr,Slight,5 to 10 hours,School,18 or 19,First year,Woman,Multiracial,No,Associate,Health professions,Very conf.,15 or more credits,All/mostly in-person,20 to 29 hours,4,4,3,4,4,4,3,4,4,4,2,3,4,4,4,4,4,3,3,4,2,0,1,2,5,5,3,3.75,3.57
28,D,A,N,D,SD,A,D,D,A,A,Work,N,SD,SD,D,A,N,D,R,S,R,S,Nvr,Very,under 5 hours,Enjoy life,26 or older,Third+,Woman,Multiracial,No,Transfer,STEM,Not conf.,9 to 11 credits,More online,30 or more hours,2,4,3,2,1,4,2,2,4,4,3,1,1,2,4,3,2,1,2,1,2,0,3,1,1,3,4,2.5,2.29
29,A,SA,A,SA,D,SA,D,SA,D,SA,Teaching,SA,SA,SA,SA,SA,N,NA,R,R,VO,VO,Nvr,None,under 5 hours,School,18 or 19,First year,Man,East Asian,Yes,Transfer,STEM,Low conf.,15 or more credits,More in-person,0 hours,4,5,4,5,2,5,2,5,2,5,5,5,5,5,5,3,,1,1,4,4,0,0,1,2,5,0,4.0,4.67
30,A,A,SA,N,A,A,SA,A,SA,SA,Motivation,A,A,A,A,SA,D,N,VO,S,O,S,Nvr,Slight,5 to 10 hours,Friends/relations,18 or 19,First year,Man,Latino/Hispanic,No,Transfer,Health professions,Some conf.,12 to 14 credits,All/mostly in-person,0 hours,4,4,5,3,4,4,5,4,5,5,4,4,4,4,5,2,3,4,2,3,2,0,1,2,4,4,0,4.12,3.71
31,A,SA,SA,A,SA,A,SA,A,A,A,Nothing,SA,SA,SA,N,A,SA,SA,VO,R,O,VO,Nvr,Mod,5 to 10 hours,Enjoy life,20 or 21,Second year,Man,White,Yes,Transfer,STEM,Some conf.,15 or more credits,More in-person,0 hours,4,5,5,4,5,4,5,4,4,4,5,5,5,3,4,5,5,4,1,3,4,0,2,2,4,5,0,4.5,4.57
32,SA,N,N,D,N,A,A,D,A,SA,Motivation,N,A,A,A,SA,SD,N,O,S,S,R,Nvr,Mod,5 to 10 hours,Money,22 to 25,Third+,Nonbinary,Multiracial,No,Transfer,Social sciences,Very conf.,6 to 8 credits,Equal,20 to 29 hours,5,3,3,2,3,4,4,2,4,5,3,4,4,4,5,1,3,3,2,2,1,0,2,2,5,2,3,3.25,3.43
33,A,A,SA,A,A,N,D,A,N,A,Mental stress,A,SA,SA,SA,SA,A,SA,O,S,O,Nvr,VO,Very,5 to 10 hours,School,20 or 21,First year,Woman,White,No,Transfer,Business,Some conf.,15 or more credits,All/mostly in-person,0 hours,4,4,5,4,4,3,2,4,3,4,4,5,5,5,5,4,5,3,2,3,0,4,3,2,4,5,0,3.75,4.71
34,A,A,N,A,A,A,N,N,A,A,Teaching,A,A,SA,A,A,N,SA,R,R,S,R,Nvr,Slight,under 5 hours,Mental well-being,26 or older,Second year,Woman,Latino/Hispanic,No,Associate,Health professions,Very conf.,6 to 8 credits,More in-person,30 or more hours,4,4,3,4,4,4,3,3,4,4,4,4,5,4,4,3,5,1,1,2,1,0,1,1,5,2,4,3.62,4.14
35,N,N,A,A,D,A,A,A,A,A,Mental stress,A,A,A,N,A,D,A,O,S,O,S,Nvr,Very,5 to 10 hours,Money,20 or 21,Third+,Woman,East Asian,Yes,Transfer,Business,Some conf.,12 to 14 credits,All/mostly in-person,1 to 9 hours,3,3,4,4,2,4,4,4,4,4,4,4,4,3,4,2,4,3,2,3,2,0,3,2,4,4,1,3.5,3.57
36,A,A,A,D,A,N,A,A,N,A,Work,A,A,SA,D,SA,D,A,VO,R,S,VO,O,Slight,11 to 19 hours,School,26 or older,Second year,Man,White,No,Associate,Humanities,Some conf.,6 to 8 credits,All/mostly in-person,0 hours,4,4,4,2,4,3,4,4,3,4,4,4,5,2,5,2,4,4,1,2,4,3,1,3,4,2,0,3.62,3.71
37,A,A,A,N,A,SA,A,D,A,N,Mental stress,A,N,N,A,N,SD,A,S,S,O,VO,Nvr,Mod,5 to 10 hours,School,18 or 19,First year,Man,East Asian,Yes,Transfer,Health professions,Some conf.,12 to 14 credits,All/mostly in-person,10 to 19 hours,4,4,4,3,4,5,4,2,4,3,4,3,3,4,3,1,4,2,2,3,4,0,2,2,4,4,2,3.75,3.14
38,A,A,A,A,A,N,A,N,SA,A,Mental stress,SA,A,SA,A,SA,A,SA,O,S,VO,VO,O,Very,11 to 19 hours,Friends/relations,18 or 19,First year,Man,East Asian,Yes,Transfer,,Unsure,15 or more credits,All/mostly in-person,0 hours,4,4,4,4,4,3,4,3,5,4,5,4,5,4,5,4,5,3,2,4,4,3,3,3,3,5,0,3.75,4.57
39,N,A,A,SA,N,N,A,N,A,N,Not prepared,A,D,A,A,N,N,SA,O,S,O,S,Nvr,Mod,5 to 10 hours,School,18 or 19,First year,Woman,Latino/Hispanic,No,Transfer,Health professions,Unsure,12 to 14 credits,All/mostly in-person,20 to 29 hours,3,4,4,5,3,3,4,3,4,3,4,2,4,4,3,3,5,3,2,3,2,0,2,2,3,4,3,3.62,3.57
40,N,SA,A,N,A,SA,N,A,N,A,Mental stress,D,SA,SA,SA,SA,SD,A,VO,O,VO,O,S,Ext,5 to 10 hours,Money,22 to 25,Second year,Man,East Asian,Not sure,Transfer,STEM,Some conf.,9 to 11 credits,All/mostly in-person,30 or more hours,3,5,4,3,4,5,3,4,3,4,2,5,5,5,5,1,4,4,3,4,3,2,4,2,4,3,4,3.88,3.86
41,SD,A,SA,N,A,SD,N,D,N,A,Motivation,A,SA,A,A,A,N,SA,O,R,O,O,S,Mod,under 5 hours,Money,18 or 19,First year,Woman,Latino/Hispanic,No,Transfer,Social sciences,Very conf.,15 or more credits,All/mostly in-person,20 to 29 hours,1,4,5,3,4,1,3,2,3,4,4,5,4,4,4,3,5,3,1,3,3,2,2,1,5,5,3,2.88,4.14
42,A,N,D,N,A,N,N,A,D,N,Not prepared,A,N,N,A,A,D,A,O,S,VO,R,S,Mod,under 5 hours,Money,18 or 19,First year,Woman,Multiracial,Yes,Transfer,Business,Some conf.,15 or more credits,More in-person,20 to 29 hours,4,3,2,3,4,3,3,4,2,3,4,3,3,4,4,2,4,3,2,4,1,2,2,1,4,5,3,3.25,3.43
43,A,N,N,A,A,D,A,A,A,A,Work,D,N,N,A,D,D,SD,O,O,S,S,S,Ext,20 or more hours,Money,20 or 21,First year,Woman,Pacific Islander,No,Transfer,Social sciences,Some conf.,15 or more credits,All/mostly online,20 to 29 hours,4,3,3,4,4,2,4,4,4,4,2,3,3,4,2,2,1,3,3,2,2,2,4,4,4,5,3,3.5,2.43
44,A,A,A,A,SA,N,A,A,A,SA,Not prepared,SA,A,SA,A,SA,SA,A,VO,Nvr,S,R,Prefer not,Slight,under 5 hours,School,20 or 21,First year,Woman,South Asian,Yes,Transfer,Social sciences,Very conf.,6 to 8 credits,All/mostly in-person,0 hours,4,4,4,4,5,3,4,4,4,5,5,4,5,4,5,5,4,4,0,2,1,,1,1,5,2,0,4.0,4.57
45,SA,A,A,N,SA,SA,A,N,SA,N,Mental stress,N,N,SA,N,A,N,A,VO,R,O,S,S,Ext,5 to 10 hours,Enjoy life,18 or 19,First year,Woman,East Asian,No,Transfer,Health professions,Some conf.,12 to 14 credits,More online,10 to 19 hours,5,4,4,3,5,5,4,3,5,3,3,3,5,3,4,3,4,4,1,3,2,2,4,2,4,4,2,4.12,3.57
46,SA,A,N,N,SA,SA,A,A,N,A,Motivation,N,A,A,D,D,SA,A,O,S,S,VO,O,Slight,5 to 10 hours,Money,22 to 25,First year,Woman,East Asian,Yes,Transfer,STEM,Some conf.,15 or more credits,Equal,20 to 29 hours,5,4,3,3,5,5,4,4,3,4,3,4,4,2,2,5,4,3,2,2,4,3,1,2,4,5,3,4.12,3.43
47,A,A,A,,A,A,A,A,A,A,Motivation,A,A,A,SA,A,D,SA,O,R,S,O,R,Slight,5 to 10 hours,Money,18 or 19,First year,Woman,Latino/Hispanic,No,Transfer,Social sciences,Some conf.,15 or more credits,All/mostly in-person,20 to 29 hours,4,4,4,,4,4,4,4,4,4,4,4,4,5,4,2,5,3,1,2,3,1,1,2,4,5,3,4.0,4.0
48,A,A,A,A,A,A,A,A,A,A,Motivation,N,D,SA,A,A,D,SD,VO,R,S,VO,Nvr,Slight,11 to 19 hours,Enjoy life,Prefer not,First year,Man,Latino/Hispanic,No,Transfer,Business,Very conf.,12 to 14 credits,Equal,30 or more hours,4,4,4,4,4,4,4,4,4,4,3,2,5,4,4,2,1,4,1,2,4,0,1,3,5,4,4,4.0,3.0
49,N,A,N,A,SA,A,N,N,N,A,Motivation,N,SA,SA,SA,A,A,SA,VO,S,O,O,Nvr,Slight,11 to 19 hours,Friends/relations,18 or 19,Third+,Man,South Asian,Yes,Transfer,STEM,Very conf.,15 or more credits,More in-person,0 hours,3,4,3,4,5,4,3,3,3,4,3,5,5,5,4,4,5,4,2,3,3,0,1,3,5,5,0,3.62,4.43
50,N,D,A,N,N,N,N,N,N,SD,Motivation,N,SA,A,A,A,SD,N,S,R,VO,Nvr,Nvr,Slight,under 5 hours,School,20 or 21,Third+,Woman,East Asian,No,Transfer,STEM,Some conf.,12 to 14 credits,All/mostly in-person,1 to 9 hours,3,2,4,3,3,3,3,3,3,1,3,5,4,4,4,1,3,2,1,4,0,0,1,1,4,4,1,3.0,3.43
51,SA,SA,A,A,SA,SA,SA,A,SA,A,Motivation,A,SA,SA,A,A,A,SA,VO,S,O,O,Nvr,Mod,5 to 10 hours,School,18 or 19,First year,Man,MENA,Yes,Transfer,Business,Very conf.,9 to 11 credits,All/mostly in-person,0 hours,5,5,4,4,5,5,5,4,5,4,4,5,5,4,4,4,5,4,2,3,3,0,2,2,5,3,0,4.62,4.43
52,A,A,N,N,A,A,A,D,A,A,Low energy,N,N,N,A,N,D,D,O,S,R,R,Nvr,Very,5 to 10 hours,Future,26 or older,Prefer not,Woman,East Asian,Yes,Transfer,STEM,Low conf.,12 to 14 credits,All/mostly in-person,0 hours,4,4,3,3,4,4,4,2,4,4,3,3,3,4,3,2,2,3,2,1,1,0,3,2,2,4,0,3.5,2.86
53,A,SA,A,N,A,A,A,A,A,A,Mental stress,D,A,N,D,N,N,SA,S,S,R,S,Nvr,Very,under 5 hours,Enjoy life,26 or older,First year,Woman,East Asian,Yes,Associate,Health professions,Low conf.,12 to 14 credits,More in-person,0 hours,4,5,4,3,4,4,4,4,4,4,2,4,3,2,3,3,5,2,2,1,2,0,3,1,2,4,0,4.0,3.14
54,A,A,A,A,A,A,A,A,A,A,Low energy,A,SA,A,A,A,A,A,O,S,O,VO,O,Very,5 to 10 hours,Money,26 or older,Second year,Man,Black/African Am.,Not sure,Transfer,STEM,Very conf.,12 to 14 credits,All/mostly in-person,1 to 9 hours,4,4,4,4,4,4,4,4,4,4,4,5,4,4,4,4,4,3,2,3,4,3,3,2,5,4,1,4.0,4.14
55,A,A,A,A,D,D,A,A,N,A,Motivation,A,A,A,A,A,A,A,O,R,O,O,R,Very,5 to 10 hours,Future,22 to 25,First year,Man,East Asian,No,Transfer,STEM,Some conf.,12 to 14 credits,Equal,0 hours,4,4,4,4,2,2,4,4,3,4,4,4,4,4,4,4,4,3,1,3,3,1,3,2,4,4,0,3.5,4.0
56,A,A,A,A,A,SA,A,A,A,N,Motivation,A,A,A,N,A,D,N,O,R,S,S,R,Prefer not,11 to 19 hours,Future,18 or 19,Second year,Woman,East Asian,No,Transfer,Business,Some conf.,15 or more credits,More online,10 to 19 hours,4,4,4,4,4,5,4,4,4,3,4,4,4,3,4,2,3,3,1,2,2,1,,3,4,5,2,4.12,3.43
57,A,A,N,A,A,A,A,A,N,A,Motivation,A,N,A,A,A,A,A,O,R,S,S,Nvr,None,5 to 10 hours,Mental well-being,20 or 21,Second year,Woman,East Asian,Yes,Transfer,Business,Some conf.,12 to 14 credits,Equal,1 to 9 hours,4,4,3,4,4,4,4,4,3,4,4,3,4,4,4,4,4,3,1,2,2,0,0,2,4,4,1,3.88,3.86
58,A,N,N,A,A,N,D,D,D,A,Low energy,SD,SA,A,A,D,SD,A,R,S,VO,O,Nvr,Slight,20 or more hours,School,18 or 19,First year,Man,South Asian,Not sure,Transfer,STEM,Very conf.,15 or more credits,Equal,0 hours,4,3,3,4,4,3,2,2,2,4,1,5,4,4,2,1,4,1,2,4,3,0,1,4,5,5,0,3.12,3.0
59,A,A,N,A,N,N,N,D,SA,A,Motivation,A,SA,N,D,SA,A,A,S,VO,VO,VO,Nvr,None,5 to 10 hours,School,17 or younger,Second year,Prefer not,East Asian,Yes,Transfer,Business,Not conf.,15 or more credits,Equal,1 to 9 hours,4,4,3,4,3,3,3,2,5,4,4,5,3,2,5,4,4,2,4,4,4,0,0,2,1,5,1,3.25,3.86
60,A,D,SA,A,A,A,A,A,A,A,Motivation,A,SA,A,A,N,D,A,S,S,VO,S,O,Mod,under 5 hours,Enjoy life,20 or 21,Second year,Woman,East Asian,Yes,Transfer,STEM,Some conf.,15 or more credits,All/mostly in-person,10 to 19 hours,4,2,5,4,4,4,4,4,4,4,4,5,4,4,3,2,4,2,2,4,2,3,2,1,4,5,2,3.88,3.71
61,A,SA,N,A,A,A,A,A,A,A,Motivation,A,N,SA,A,SA,A,SA,VO,S,O,O,Nvr,Mod,5 to 10 hours,School,18 or 19,First year,Man,Multiracial,Yes,Other,Humanities,Some conf.,12 to 14 credits,Equal,1 to 9 hours,4,5,3,4,4,4,4,4,4,4,4,3,5,4,5,4,5,4,2,3,3,0,2,2,4,4,1,4.0,4.29
62,A,A,A,A,D,D,A,A,A,D,Motivation,SD,SA,A,SA,A,SD,N,S,S,S,S,R,Ext,20 or more hours,Other,20 or 21,Third+,Woman,East Asian,Yes,Transfer,Business,Unsure,15 or more credits,Equal,0 hours,4,4,4,4,2,2,4,4,4,2,1,5,4,5,4,1,3,2,2,2,2,1,4,4,3,5,0,3.5,3.29
63,A,D,A,D,D,A,A,SD,A,N,Mental stress,A,N,SA,A,A,A,SA,VO,S,O,S,O,Slight,5 to 10 hours,Future,18 or 19,Second year,Man,South Asian,Yes,Transfer,Social sciences,Some conf.,9 to 11 credits,More in-person,0 hours,4,2,4,2,2,4,4,1,4,3,4,3,5,4,4,4,5,4,2,3,2,3,1,2,4,3,0,2.88,4.14
64,A,A,N,A,N,A,A,N,A,A,Family/care,N,A,A,A,A,D,A,S,O,S,S,Nvr,Slight,11 to 19 hours,Family,26 or older,First year,Woman,East Asian,No,Associate,Health professions,Some conf.,9 to 11 credits,All/mostly in-person,0 hours,4,4,3,4,3,4,4,3,4,4,3,4,4,4,4,2,4,2,3,2,2,0,1,3,4,3,0,3.62,3.57
65,A,A,A,N,SA,SA,A,N,A,SA,Motivation,SA,SA,A,A,SA,SD,A,O,S,VO,R,Nvr,Slight,5 to 10 hours,Other,18 or 19,First year,Man,East Asian,No,Transfer,Social sciences,Very conf.,15 or more credits,More in-person,0 hours,4,4,4,3,5,5,4,3,4,5,5,5,4,4,5,1,4,3,2,4,1,0,1,2,5,5,0,4.0,4.0
66,A,D,N,N,N,A,A,A,N,N,Not prepared,D,N,A,A,N,D,SA,O,O,O,O,Nvr,Slight,5 to 10 hours,School,18 or 19,First year,Woman,South Asian,Yes,Undecided,Business,Some conf.,12 to 14 credits,Equal,1 to 9 hours,4,2,3,3,3,4,4,4,3,3,2,3,4,4,3,2,5,3,3,3,3,0,1,2,4,4,1,3.38,3.29
67,A,A,A,A,A,N,A,A,A,A,Mental stress,N,A,A,A,N,N,NA,S,S,VO,O,Nvr,None,under 5 hours,Enjoy life,22 to 25,Second year,Prefer not,Prefer not,Prefer not,Associate,Health professions,Some conf.,15 or more credits,Equal,0 hours,4,4,4,4,4,3,4,4,4,4,3,4,4,4,3,3,,2,2,4,3,0,0,1,4,5,0,3.88,3.5
68,N,SA,A,N,A,A,A,A,A,A,Mental stress,N,A,A,A,D,D,A,O,S,R,S,Nvr,Ext,5 to 10 hours,Money,22 to 25,First year,Woman,Multiracial,No,Associate,Health professions,Very conf.,12 to 14 credits,All/mostly in-person,0 hours,3,5,4,3,4,4,4,4,4,4,3,4,4,4,2,2,4,3,2,1,2,0,4,2,5,4,0,3.88,3.29
69,A,A,SA,A,A,A,N,A,A,A,Work,N,SA,A,A,D,D,N,S,R,O,VO,Nvr,Very,under 5 hours,Future,22 to 25,Third+,Woman,Latino/Hispanic,No,Transfer,Business,Some conf.,9 to 11 credits,All/mostly in-person,20 to 29 hours,4,4,5,4,4,4,3,4,4,4,3,5,4,4,2,2,3,2,1,3,4,0,3,1,4,3,3,4.0,3.29
70,A,A,A,A,A,A,A,A,N,N,Nothing,A,A,A,A,A,N,SA,O,R,O,VO,Nvr,Mod,5 to 10 hours,Mental well-being,18 or 19,First year,Man,White,Yes,Transfer,Business,Some conf.,15 or more credits,More in-person,0 hours,4,4,4,4,4,4,4,4,3,3,4,4,4,4,4,3,5,3,1,3,4,0,2,2,4,5,0,4.0,4.0
71,N,A,N,A,N,A,SA,A,A,A,Motivation,A,N,A,A,A,N,SA,S,S,O,S,Nvr,Mod,5 to 10 hours,School,18 or 19,Second year,Woman,East Asian,Not sure,Transfer,Health professions,Very conf.,15 or more credits,Equal,0 hours,3,4,3,4,3,4,5,4,4,4,4,3,4,4,4,3,5,2,2,3,2,0,2,2,5,5,0,3.75,3.86
72,SA,SA,N,SA,SA,SA,SA,SA,A,A,Motivation,N,N,SA,N,SA,A,NA,VO,R,S,VO,R,Slight,11 to 19 hours,Enjoy life,Prefer not,First year,Man,Latino/Hispanic,No,Transfer,Business,Very conf.,12 to 14 credits,Equal,30 or more hours,5,5,3,5,5,5,5,5,4,4,3,3,5,3,5,4,,4,1,2,4,1,1,3,5,4,4,4.75,3.83
73,A,A,N,A,A,SA,N,N,N,A,Work,D,N,A,N,SA,A,A,O,S,VO,VO,Nvr,Mod,5 to 10 hours,Future,18 or 19,Second year,Man,South Asian,No,Associate,Undecided,Unsure,12 to 14 credits,More in-person,10 to 19 hours,4,4,3,4,4,5,3,3,3,4,2,3,4,3,5,4,4,3,2,4,4,0,2,2,3,4,2,3.75,3.57
74,A,N,A,N,A,A,SA,N,A,A,Work,N,N,A,N,A,A,SA,S,R,O,S,S,Slight,5 to 10 hours,School,18 or 19,Second year,Woman,East Asian,Yes,Transfer,STEM,Unsure,12 to 14 credits,More in-person,10 to 19 hours,4,3,4,3,4,4,5,3,4,4,3,3,4,3,4,4,5,2,1,3,2,2,1,2,3,4,2,3.75,3.71
75,N,D,A,N,D,D,SA,A,SA,SD,Mental stress,D,A,SA,N,SA,N,A,VO,S,VO,VO,R,Ext,under 5 hours,Enjoy life,18 or 19,First year,Woman,East Asian,No,Transfer,Social sciences,Very conf.,1 to 5 credits,All/mostly in-person,20 to 29 hours,3,2,4,3,2,2,5,4,5,1,2,4,5,3,5,3,4,4,2,4,4,1,4,1,5,1,3,3.12,3.71
76,A,A,A,N,A,A,SA,N,A,N,Teaching,N,SA,N,A,SA,A,SA,O,S,S,R,Nvr,Very,20 or more hours,School,18 or 19,First year,Woman,MENA,Not sure,Transfer,Health professions,Unsure,15 or more credits,Equal,0 hours,4,4,4,3,4,4,5,3,4,3,3,5,3,4,5,4,5,3,2,2,1,0,3,4,3,5,0,3.88,4.14
77,A,A,A,A,A,A,A,D,A,A,Mental stress,N,A,D,A,N,D,N,R,S,O,R,Nvr,Mod,5 to 10 hours,Mental well-being,20 or 21,First year,Woman,MENA,No,Transfer,Health professions,Some conf.,12 to 14 credits,Equal,0 hours,4,4,4,4,4,4,4,2,4,4,3,4,2,4,3,2,3,1,2,3,1,0,2,2,4,4,0,3.75,3.0
78,A,A,N,D,A,A,A,N,A,N,Mental stress,N,A,A,A,A,D,D,O,S,O,O,R,Ext,5 to 10 hours,Mental well-being,20 or 21,Second year,Man,Latino/Hispanic,No,Transfer,Social sciences,Some conf.,12 to 14 credits,More online,20 to 29 hours,4,4,3,2,4,4,4,3,4,3,3,4,4,4,4,2,2,3,2,3,3,1,4,2,4,4,3,3.5,3.29
79,A,A,A,SA,SA,A,SA,SA,SA,A,Motivation,N,N,SA,N,A,SA,SA,O,S,O,S,Nvr,None,20 or more hours,Future,17 or younger,Prefer not,Woman,South Asian,Yes,Other,Humanities,Very conf.,6 to 8 credits,Equal,1 to 9 hours,4,4,4,5,5,4,5,5,5,4,3,3,5,3,4,5,5,3,2,3,2,0,0,4,5,2,1,4.5,4.0
80,A,A,N,N,A,A,SA,SA,N,A,Not prepared,A,N,N,A,D,D,A,VO,S,VO,S,Nvr,Mod,under 5 hours,Future,18 or 19,Second year,Woman,Black/African Am.,No,Transfer,Arts/creative,Not conf.,15 or more credits,All/mostly online,20 to 29 hours,4,4,3,3,4,4,5,5,3,4,4,3,3,4,2,2,4,4,2,4,2,0,2,1,1,5,3,4.0,3.14
81,A,N,D,N,A,D,SA,D,N,A,Motivation,N,N,D,D,N,N,A,S,O,VO,S,Nvr,Mod,under 5 hours,Money,20 or 21,Second year,Man,South Asian,Yes,Transfer,STEM,Low conf.,1 to 5 credits,All/mostly in-person,10 to 19 hours,4,3,2,3,4,2,5,2,3,4,3,3,2,2,3,3,4,2,3,4,2,0,2,1,2,1,2,3.12,2.86
82,A,A,N,A,A,A,A,N,A,A,Motivation,N,N,A,A,A,A,A,VO,S,VO,O,R,Mod,5 to 10 hours,Mental well-being,18 or 19,First year,Woman,Latino/Hispanic,No,Transfer,Health professions,Very conf.,9 to 11 credits,More online,20 to 29 hours,4,4,3,4,4,4,4,3,4,4,3,3,4,4,4,4,4,4,2,4,3,1,2,2,5,3,3,3.75,3.71
83,N,A,A,A,D,D,A,A,A,N,Motivation,A,A,A,A,A,D,A,S,S,O,O,R,None,5 to 10 hours,School,18 or 19,First year,Man,Latino/Hispanic,Yes,Transfer,STEM,Low conf.,12 to 14 credits,More online,1 to 9 hours,3,4,4,4,2,2,4,4,4,3,4,4,4,4,4,2,4,2,2,3,3,1,0,2,2,4,1,3.38,3.71
84,SA,A,SA,SD,A,A,A,D,SA,D,Mental stress,D,A,SA,A,A,SD,A,VO,S,O,S,Nvr,Ext,20 or more hours,School,20 or 21,Second year,Woman,East Asian,Yes,Transfer,STEM,Very conf.,15 or more credits,Equal,1 to 9 hours,5,4,5,1,4,4,4,2,5,2,2,4,5,4,4,1,4,4,2,3,2,0,4,4,5,5,1,3.62,3.43
85,N,A,A,A,N,A,A,A,N,SA,Low energy,N,A,A,N,A,N,NA,VO,R,O,S,R,Slight,under 5 hours,Future,18 or 19,First year,Woman,East Asian,Yes,Transfer,Business,Some conf.,15 or more credits,More online,20 to 29 hours,3,4,4,4,3,4,4,4,3,5,3,4,4,3,4,3,,4,1,3,2,1,1,1,4,5,3,3.75,3.5
86,N,A,A,N,N,A,SA,D,A,A,Motivation,N,A,A,A,A,N,A,S,S,VO,R,R,Mod,11 to 19 hours,Future,18 or 19,First year,Woman,Black/African Am.,Yes,Transfer,Social sciences,Unsure,9 to 11 credits,Equal,0 hours,3,4,4,3,3,4,5,2,4,4,3,4,4,4,4,3,4,2,2,4,1,1,2,3,3,3,0,3.5,3.71
87,A,A,N,A,A,A,N,A,A,A,Not prepared,A,N,A,A,A,N,A,O,S,S,S,Nvr,None,under 5 hours,Money,20 or 21,Second year,Woman,East Asian,Yes,Transfer,STEM,Some conf.,12 to 14 credits,Equal,0 hours,4,4,3,4,4,4,3,4,4,4,4,3,4,4,4,3,4,3,2,2,2,0,0,1,4,4,0,3.75,3.71
88,N,A,A,A,N,A,N,A,A,D,Family/care,N,A,A,N,A,N,A,O,S,S,O,O,Mod,5 to 10 hours,Friends/relations,20 or 21,Third+,Woman,Latino/Hispanic,Yes,Transfer,Business,Unsure,1 to 5 credits,Equal,1 to 9 hours,3,4,4,4,3,4,3,4,4,2,3,4,4,3,4,3,4,3,2,2,3,3,2,2,3,1,1,3.62,3.57
89,N,N,A,D,A,A,A,N,N,N,Teaching,,SD,A,A,A,A,A,O,O,S,S,VO,Prefer not,20 or more hours,Friends/relations,18 or 19,First year,Woman,South Asian,Not sure,Associate,Health professions,Unsure,9 to 11 credits,All/mostly in-person,0 hours,3,3,4,2,4,4,4,3,3,3,,1,4,4,4,4,4,3,3,2,2,4,,4,3,3,0,3.38,3.5
90,D,SD,N,D,D,SA,N,SD,D,SD,Work,SD,N,A,A,D,SD,D,S,R,R,O,R,Ext,11 to 19 hours,Money,18 or 19,First year,Man,East Asian,No,Transfer,Business,Some conf.,15 or more credits,All/mostly in-person,30 or more hours,2,1,3,2,2,5,3,1,2,1,1,3,4,4,2,1,2,2,1,1,3,1,4,3,4,5,4,2.38,2.43
91,A,N,N,N,A,A,A,D,A,A,Motivation,N,N,SA,D,D,D,A,O,S,O,R,O,Very,5 to 10 hours,School,20 or 21,First year,Man,White,Yes,Transfer,Social sciences,Some conf.,15 or more credits,Equal,0 hours,4,3,3,3,4,4,4,2,4,4,3,3,5,2,2,2,4,3,2,3,1,3,3,2,4,5,0,3.38,3.0
92,SA,SA,SA,A,SA,A,A,N,SA,SA,Motivation,A,SA,SA,SA,SA,D,SA,S,O,VO,S,Nvr,Ext,5 to 10 hours,Mental well-being,26 or older,Second year,Man,East Asian,No,Transfer,Social sciences,Some conf.,9 to 11 credits,All/mostly in-person,10 to 19 hours,5,5,5,4,5,4,4,3,5,5,4,5,5,5,5,2,5,2,3,4,2,0,4,2,4,3,2,4.38,4.43
93,D,N,SA,D,N,A,A,D,A,D,Motivation,D,SA,A,D,N,D,A,O,S,VO,O,Nvr,Slight,under 5 hours,School,18 or 19,First year,Man,Multiracial,Yes,Transfer,Social sciences,Low conf.,15 or more credits,More in-person,0 hours,2,3,5,2,3,4,4,2,4,2,2,5,4,2,3,2,4,3,2,4,3,0,1,1,2,5,0,3.12,3.14
94,SD,SD,SD,D,SD,SD,A,D,D,SD,Mental stress,N,SD,A,SD,A,SD,A,O,VO,VO,R,S,Slight,5 to 10 hours,Future,18 or 19,First year,Woman,East Asian,Yes,Undecided,Health professions,Low conf.,6 to 8 credits,Equal,20 to 29 hours,1,1,1,2,1,1,4,2,2,1,3,1,4,1,4,1,4,3,4,4,1,2,1,2,2,2,3,1.62,2.57
95,A,A,SA,A,SA,A,SA,A,SA,N,Motivation,N,SA,A,SA,A,A,SA,VO,S,O,S,O,None,5 to 10 hours,Enjoy life,22 to 25,Third+,Woman,White,Not sure,Transfer,Arts/creative,Unsure,6 to 8 credits,All/mostly online,0 hours,4,4,5,4,5,4,5,4,5,3,3,5,4,5,4,4,5,4,2,3,2,3,0,2,3,2,0,4.38,4.29
96,D,N,A,D,D,N,A,N,A,D,Motivation,N,A,A,A,A,D,A,S,O,S,R,Nvr,Slight,5 to 10 hours,School,18 or 19,First year,Woman,South Asian,Yes,Transfer,Health professions,Some conf.,15 or more credits,More in-person,1 to 9 hours,2,3,4,2,2,3,4,3,4,2,3,4,4,4,4,2,4,2,3,2,1,0,1,2,4,5,1,2.88,3.57
97,D,N,A,N,N,A,A,N,A,N,Mental stress,N,A,A,SA,A,N,SA,O,S,S,R,R,Mod,under 5 hours,Mental well-being,20 or 21,Third+,Woman,East Asian,No,Transfer,Business,Some conf.,9 to 11 credits,All/mostly online,10 to 19 hours,2,3,4,3,3,4,4,3,4,3,3,4,4,5,4,3,5,3,2,2,1,1,2,1,4,3,2,3.25,4.0
98,D,A,D,A,N,SA,N,N,N,A,Motivation,SA,D,SA,D,SD,A,N,S,S,S,O,R,Mod,5 to 10 hours,Future,18 or 19,First year,Man,East Asian,Yes,Transfer,Business,Some conf.,15 or more credits,More in-person,10 to 19 hours,2,4,2,4,3,5,3,3,3,4,5,2,5,2,1,4,3,2,2,2,3,1,2,2,4,5,2,3.25,3.14
99,SA,A,A,A,SA,SA,A,A,SA,SA,Mental stress,A,N,A,N,A,N,D,VO,R,S,S,Nvr,Slight,5 to 10 hours,School,20 or 21,Third+,Woman,Latino/Hispanic,No,Associate,STEM,Very conf.,12 to 14 credits,All/mostly in-person,10 to 19 hours,5,4,4,4,5,5,4,4,5,5,4,3,4,3,4,3,2,4,1,2,2,0,1,2,5,4,2,4.38,3.29
100,A,D,A,A,A,A,N,A,A,A,Not prepared,A,A,A,A,A,D,A,O,R,O,R,Nvr,Slight,under 5 hours,Money,20 or 21,Third+,Man,MENA,No,Transfer,STEM,Some conf.,9 to 11 credits,All/mostly in-person,20 to 29 hours,4,2,4,4,4,4,3,4,4,4,4,4,4,4,4,2,4,3,1,3,1,0,1,1,4,3,3,3.62,3.71
101,A,A,SA,N,N,A,A,D,A,A,Mental stress,A,N,N,D,SA,SA,SA,O,S,S,O,Nvr,Very,20 or more hours,Money,18 or 19,Second year,Man,East Asian,Yes,Transfer,STEM,Unsure,15 or more credits,Equal,0 hours,4,4,5,3,3,4,4,2,4,4,4,3,3,2,5,5,5,3,2,2,3,0,3,4,3,5,0,3.62,3.86
102,SA,N,SA,A,SA,SA,SA,SA,SA,A,Motivation,A,A,SA,SA,A,N,SA,VO,R,VO,O,Nvr,Mod,under 5 hours,Friends/relations,20 or 21,Third+,Man,Latino/Hispanic,No,Transfer,STEM,Very conf.,12 to 14 credits,More in-person,10 to 19 hours,5,3,5,4,5,5,5,5,5,4,4,4,5,5,4,3,5,4,1,4,3,0,2,1,5,4,2,4.62,4.29
103,A,A,A,N,A,A,A,A,A,A,Motivation,A,A,A,A,A,N,SA,O,R,S,O,Nvr,Slight,5 to 10 hours,Friends/relations,20 or 21,Second year,Woman,East Asian,Yes,Transfer,STEM,Some conf.,15 or more credits,All/mostly in-person,1 to 9 hours,4,4,4,3,4,4,4,4,4,4,4,4,4,4,4,3,5,3,1,2,3,0,1,2,4,5,1,3.88,4.0
104,N,N,A,N,N,A,N,D,A,N,Low energy,A,A,N,N,A,D,A,R,O,Nvr,O,Prefer not,Very,5 to 10 hours,Other,26 or older,Third+,Man,White,Yes,Undecided,Undecided,Unsure,6 to 8 credits,All/mostly in-person,30 or more hours,3,3,4,3,3,4,3,2,4,3,4,4,3,3,4,2,4,1,3,0,3,,3,2,3,2,4,3.12,3.43
105,A,A,N,A,N,A,A,N,A,A,Family/care,N,A,A,A,A,N,A,S,S,S,S,Nvr,Slight,11 to 19 hours,Family,26 or older,First year,Woman,East Asian,No,Associate,Health professions,Some conf.,9 to 11 credits,All/mostly in-person,0 hours,4,4,3,4,3,4,4,3,4,4,3,4,4,4,4,3,4,2,2,2,2,0,1,3,4,3,0,3.62,3.71
106,A,A,SA,A,A,A,A,N,SA,A,Low energy,A,A,SA,SA,SA,A,SA,O,R,R,O,R,Prefer not,5 to 10 hours,Mental well-being,20 or 21,First year,Woman,White,Yes,Transfer,STEM,Some conf.,12 to 14 credits,All/mostly in-person,0 hours,4,4,5,4,4,4,4,3,5,4,4,4,5,5,5,4,5,3,1,1,3,1,,2,4,4,0,4.0,4.57
107,A,A,A,A,A,A,A,N,A,N,Low energy,N,A,A,A,N,N,N,O,R,R,S,Nvr,Mod,11 to 19 hours,Money,18 or 19,First year,Woman,East Asian,No,Transfer,Social sciences,Very conf.,15 or more credits,Equal,10 to 19 hours,4,4,4,4,4,4,4,3,4,3,3,4,4,4,3,3,3,3,1,1,2,0,2,3,5,5,2,3.88,3.43
108,N,A,A,D,A,SA,SA,D,N,A,Mental stress,A,A,A,SA,A,N,SA,S,S,O,R,Nvr,Prefer not,5 to 10 hours,School,20 or 21,Second year,Woman,South Asian,Not sure,Transfer,Social sciences,Some conf.,15 or more credits,More online,0 hours,3,4,4,2,4,5,5,2,3,4,4,4,4,5,4,3,5,2,2,3,1,0,,2,4,5,0,3.62,4.14
109,SA,A,A,A,A,A,A,N,A,A,Motivation,A,SA,A,A,D,A,N,S,R,O,R,Nvr,Mod,under 5 hours,Enjoy life,20 or 21,Second year,Woman,East Asian,Yes,Transfer,Social sciences,Some conf.,1 to 5 credits,All/mostly in-person,1 to 9 hours,5,4,4,4,4,4,4,3,4,4,4,5,4,4,2,4,3,2,1,3,1,0,2,1,4,1,1,4.0,3.71
110,A,A,A,SA,A,A,SA,N,A,SA,Motivation,A,SA,SA,SA,SA,SA,SA,O,R,VO,VO,S,Mod,11 to 19 hours,School,18 or 19,Second year,Man,East Asian,Yes,Transfer,Business,Some conf.,12 to 14 credits,All/mostly in-person,10 to 19 hours,4,4,4,5,4,4,5,3,4,5,4,5,5,5,5,5,5,3,1,4,4,2,2,3,4,4,2,4.12,4.86
111,A,N,A,N,SA,SA,A,A,SA,A,Mental stress,A,SA,SA,SA,A,D,SD,VO,R,R,O,Nvr,Mod,20 or more hours,Family,26 or older,Second year,Woman,Black/African Am.,No,Transfer,Social sciences,Very conf.,15 or more credits,All/mostly online,0 hours,4,3,4,3,5,5,4,4,5,4,4,5,5,5,4,2,1,4,1,1,3,0,2,4,5,5,0,4.0,3.71
112,SA,SA,SA,SA,SA,SA,SA,SA,SA,SA,Nothing,SA,SA,SA,SA,SA,SA,SA,VO,Nvr,Nvr,VO,Nvr,Mod,20 or more hours,School,26 or older,Third+,Man,White,No,Transfer,Business,Very conf.,15 or more credits,All/mostly online,10 to 19 hours,5,5,5,5,5,5,5,5,5,5,5,5,5,5,5,5,5,4,0,0,4,0,2,4,5,5,2,5.0,5.0
113,A,A,N,A,A,A,SA,N,N,A,Mental stress,A,N,A,N,A,SA,SA,O,R,S,O,Nvr,Mod,11 to 19 hours,School,18 or 19,First year,Man,East Asian,Yes,Transfer,Business,Some conf.,15 or more credits,More in-person,0 hours,4,4,3,4,4,4,5,3,3,4,4,3,4,3,4,5,5,3,1,2,3,0,2,3,4,5,0,3.88,4.0
114,N,D,A,N,N,D,N,D,N,D,Mental stress,D,SD,A,A,N,N,A,VO,S,S,S,Nvr,Slight,5 to 10 hours,Mental well-being,18 or 19,First year,Woman,White,Not sure,Associate,Arts/creative,Very conf.,6 to 8 credits,All/mostly in-person,0 hours,3,2,4,3,3,2,3,2,3,2,2,1,4,4,3,3,4,4,2,2,2,0,1,2,5,2,0,2.75,3.0
115,A,N,A,N,A,A,A,N,A,A,Motivation,N,A,N,A,N,D,D,S,R,R,S,R,Mod,5 to 10 hours,Money,22 to 25,First year,Man,Latino/Hispanic,No,Associate,Undecided,Unsure,9 to 11 credits,All/mostly in-person,10 to 19 hours,4,3,4,3,4,4,4,3,4,4,3,4,3,4,3,2,2,2,1,1,2,1,2,2,3,3,2,3.62,3.0
116,A,A,N,A,A,A,N,A,SA,SA,Family/care,A,A,A,A,A,D,SA,O,S,O,S,Nvr,Slight,11 to 19 hours,School,26 or older,Third+,Man,East Asian,No,Transfer,Health professions,Some conf.,9 to 11 credits,More online,10 to 19 hours,4,4,3,4,4,4,3,4,5,5,4,4,4,4,4,2,5,3,2,3,2,0,1,3,4,3,2,3.75,3.86
117,A,SA,SA,A,SA,A,SA,A,SA,A,Nothing,A,SA,SA,SA,SA,A,SA,O,Nvr,S,VO,Nvr,None,11 to 19 hours,School,18 or 19,First year,Man,White,Yes,Transfer,Business,Some conf.,15 or more credits,All/mostly in-person,0 hours,4,5,5,4,5,4,5,4,5,4,4,5,5,5,5,4,5,3,0,2,4,0,0,3,4,5,0,4.5,4.71
118,A,A,A,N,SA,N,SA,SA,SA,A,Motivation,A,SA,SA,A,A,A,SA,O,S,VO,S,Nvr,None,5 to 10 hours,Future,18 or 19,First year,Woman,Latino/Hispanic,Yes,Transfer,Social sciences,Unsure,15 or more credits,Equal,0 hours,4,4,4,3,5,3,5,5,5,4,4,5,5,4,4,4,5,3,2,4,2,0,0,2,3,5,0,4.12,4.43
119,SA,SA,SA,SA,SA,SA,A,SA,SA,SA,Work,A,SA,SA,SA,SA,N,SA,VO,S,Nvr,O,R,None,,Money,26 or older,First year,Woman,Latino/Hispanic,No,Transfer,Humanities,Very conf.,15 or more credits,All/mostly online,30 or more hours,5,5,5,5,5,5,4,5,5,5,4,5,5,5,5,3,5,4,2,0,3,1,0,,5,5,4,4.88,4.57
120,A,A,N,N,SA,SA,D,D,N,A,Mental stress,SA,N,D,N,SA,N,D,R,O,VO,R,Nvr,Prefer not,5 to 10 hours,School,18 or 19,Second year,Woman,Multiracial,Yes,Transfer,Social sciences,Very conf.,12 to 14 credits,Equal,0 hours,4,4,3,3,5,5,2,2,3,4,5,3,2,3,5,3,2,1,3,4,1,0,,2,5,4,0,3.5,3.29
121,A,A,A,A,SA,A,A,A,A,A,Teaching,A,A,SA,SA,SA,A,SA,VO,Nvr,S,O,Nvr,Slight,5 to 10 hours,Future,18 or 19,First year,Woman,Latino/Hispanic,No,Associate,Business,Very conf.,12 to 14 credits,Equal,1 to 9 hours,4,4,4,4,5,4,4,4,4,4,4,4,5,5,5,4,5,4,0,2,3,0,1,2,5,4,1,4.12,4.57
122,SA,A,N,A,A,SA,SA,SA,SA,D,Mental stress,D,SD,N,A,A,SD,N,VO,O,VO,VO,Nvr,None,11 to 19 hours,School,20 or 21,Third+,Woman,Latino/Hispanic,No,Transfer,Health professions,Very conf.,15 or more credits,More online,20 to 29 hours,5,4,3,4,4,5,5,5,5,2,2,1,3,4,4,1,3,4,3,4,4,0,0,3,5,5,3,4.38,2.57
123,N,A,N,A,N,SA,A,A,A,A,Mental stress,N,D,A,A,N,D,SA,O,R,S,O,Nvr,Very,20 or more hours,Future,18 or 19,First year,Woman,South Asian,No,Associate,Health professions,Some conf.,15 or more credits,Equal,10 to 19 hours,3,4,3,4,3,5,4,4,4,4,3,2,4,4,3,2,5,3,1,2,3,0,3,4,4,5,2,3.75,3.29
124,SA,A,SA,SA,SA,A,A,SA,SA,A,Family/care,A,A,A,A,A,SA,SA,VO,Nvr,S,O,Nvr,Mod,5 to 10 hours,School,26 or older,Third+,Man,East Asian,No,Transfer,Health professions,Some conf.,12 to 14 credits,All/mostly in-person,10 to 19 hours,5,4,5,5,5,4,4,5,5,4,4,4,4,4,4,5,5,4,0,2,3,0,2,2,4,4,2,4.62,4.29
125,A,A,N,A,N,SA,A,N,A,A,Not prepared,A,N,SA,A,N,SD,SA,VO,R,Nvr,S,O,Slight,5 to 10 hours,School,18 or 19,First year,Man,Latino/Hispanic,No,Associate,STEM,Some conf.,12 to 14 credits,All/mostly in-person,0 hours,4,4,3,4,3,5,4,3,4,4,4,3,5,4,3,1,5,4,1,0,2,3,1,2,4,4,0,3.75,3.57
126,N,A,A,D,D,N,A,D,N,SA,Mental stress,SA,N,N,N,A,N,D,S,S,S,R,R,Slight,11 to 19 hours,Future,22 to 25,Second year,Man,Multiracial,Yes,Transfer,STEM,Very conf.,9 to 11 credits,More online,0 hours,3,4,4,2,2,3,4,2,3,5,5,3,3,3,4,3,2,2,2,2,1,1,1,3,5,3,0,3.0,3.29
127,A,A,A,D,D,A,A,D,A,A,Work,D,A,D,A,D,N,D,S,O,S,O,O,Ext,11 to 19 hours,Money,26 or older,Third+,Woman,White,No,Associate,Arts/creative,Very conf.,12 to 14 credits,All/mostly in-person,1 to 9 hours,4,4,4,2,2,4,4,2,4,4,2,4,2,4,2,3,2,2,3,2,3,3,4,3,5,4,1,3.25,2.71
128,SA,D,D,D,A,A,A,D,A,A,Mental stress,D,D,N,D,D,D,A,S,S,VO,R,R,Ext,5 to 10 hours,Future,22 to 25,Third+,Man,Latino/Hispanic,No,Transfer,Arts/creative,Some conf.,15 or more credits,All/mostly online,20 to 29 hours,5,2,2,2,4,4,4,2,4,4,2,2,3,2,2,2,4,2,2,4,1,1,4,2,4,5,3,3.12,2.43
129,D,D,A,N,A,A,A,N,A,A,Motivation,N,A,A,A,A,D,A,S,R,O,R,Nvr,Slight,under 5 hours,Mental well-being,20 or 21,Third+,Man,White,Yes,Transfer,Humanities,Not conf.,6 to 8 credits,All/mostly in-person,0 hours,2,2,4,3,4,4,4,3,4,4,3,4,4,4,4,2,4,2,1,3,1,0,1,1,1,2,0,3.25,3.57
130,N,A,A,A,N,A,A,N,A,N,Work,A,A,A,A,A,N,NA,S,S,S,S,R,Ext,11 to 19 hours,Money,26 or older,Third+,Woman,White,Not sure,Transfer,Arts/creative,Low conf.,12 to 14 credits,More in-person,10 to 19 hours,3,4,4,4,3,4,4,3,4,3,4,4,4,4,4,3,,2,2,2,2,1,4,3,2,4,2,3.62,3.83
131,SA,A,SA,SA,SA,SA,A,SA,A,N,Not prepared,A,SA,SA,SA,SA,SA,SD,O,Nvr,Nvr,O,Nvr,Mod,20 or more hours,School,18 or 19,First year,Man,Latino/Hispanic,No,Transfer,Social sciences,Unsure,12 to 14 credits,More in-person,0 hours,5,4,5,5,5,5,4,5,4,3,4,5,5,5,5,5,1,3,0,0,3,0,2,4,3,4,0,4.75,4.29
132,N,N,A,N,N,A,N,N,N,N,Low energy,N,A,A,N,A,N,N,S,S,R,S,Nvr,Prefer not,5 to 10 hours,School,20 or 21,Third+,Woman,Prefer not,Prefer not,Transfer,Arts/creative,Some conf.,6 to 8 credits,More in-person,1 to 9 hours,3,3,4,3,3,4,3,3,3,3,3,4,4,3,4,3,3,2,2,1,2,0,,2,4,2,1,3.25,3.43
133,SA,A,A,A,SA,SA,SA,A,A,A,Family/care,A,N,SA,SA,A,N,A,VO,S,O,R,Nvr,Very,11 to 19 hours,Money,18 or 19,First year,Woman,Latino/Hispanic,Not sure,Associate,Humanities,Very conf.,12 to 14 credits,More online,0 hours,5,4,4,4,5,5,5,4,4,4,4,3,5,5,4,3,4,4,2,3,1,0,3,3,5,4,0,4.5,4.0
134,D,D,N,D,N,A,N,N,N,N,Not prepared,D,N,N,N,D,D,N,S,S,S,S,Nvr,Slight,under 5 hours,Money,26 or older,Prefer not,Woman,Latino/Hispanic,No,Associate,Social sciences,Some conf.,12 to 14 credits,Equal,20 to 29 hours,2,2,3,2,3,4,3,3,3,3,2,3,3,3,2,2,3,2,2,2,2,0,1,1,4,4,3,2.75,2.57
135,N,N,A,D,N,A,N,D,A,N,Not prepared,N,N,A,A,SA,N,SA,S,O,S,R,Nvr,Very,5 to 10 hours,School,18 or 19,Prefer not,Prefer not,Prefer not,Yes,Transfer,Humanities,Some conf.,12 to 14 credits,More in-person,0 hours,3,3,4,2,3,4,3,2,4,3,3,3,4,4,5,3,5,2,3,2,1,0,3,2,4,4,0,3.0,3.86
136,A,A,A,SA,A,SA,N,A,N,A,Family/care,N,N,A,N,A,A,NA,O,S,S,O,Nvr,None,5 to 10 hours,Enjoy life,26 or older,Prefer not,Woman,East Asian,Yes,Associate,Arts/creative,Unsure,9 to 11 credits,All/mostly in-person,0 hours,4,4,4,5,4,5,3,4,3,4,3,3,4,3,4,4,,3,2,2,3,0,0,2,3,3,0,4.12,3.5
137,A,SA,SD,A,SA,SA,A,SD,N,A,Family/care,SD,D,N,D,A,D,A,O,S,R,R,S,Mod,5 to 10 hours,Future,22 to 25,Third+,Man,Pacific Islander,No,Undecided,Arts/creative,Unsure,15 or more credits,Equal,30 or more hours,4,5,1,4,5,5,4,1,3,4,1,2,3,2,4,2,4,3,2,1,1,2,2,2,3,5,4,3.62,2.57
138,A,N,SA,N,A,A,A,N,A,A,Mental stress,N,SA,A,SA,A,SD,SA,O,S,S,O,S,Mod,5 to 10 hours,School,18 or 19,Second year,Woman,Latino/Hispanic,Yes,Transfer,Arts/creative,Very conf.,6 to 8 credits,All/mostly in-person,1 to 9 hours,4,3,5,3,4,4,4,3,4,4,3,5,4,5,4,1,5,3,2,2,3,2,2,2,5,2,1,3.75,3.86
139,A,D,A,D,N,SA,D,N,SA,A,Mental stress,N,SA,A,SA,SD,SD,N,VO,S,VO,S,VO,Ext,5 to 10 hours,School,20 or 21,Third+,Woman,East Asian,No,Associate,Social sciences,Unsure,12 to 14 credits,All/mostly online,1 to 9 hours,4,2,4,2,3,5,2,3,5,4,3,5,4,5,1,1,3,4,2,4,2,4,4,2,3,4,1,3.12,3.14
140,A,D,A,A,A,A,A,A,A,A,Work,A,A,A,A,A,A,A,R,R,R,R,Nvr,Very,20 or more hours,Future,18 or 19,Second year,Woman,South Asian,No,Transfer,STEM,Unsure,15 or more credits,More in-person,1 to 9 hours,4,2,4,4,4,4,4,4,4,4,4,4,4,4,4,4,4,1,1,1,1,0,3,4,3,5,1,3.75,4.0
141,A,SA,A,SA,N,A,A,A,A,SA,Family/care,A,A,A,A,A,D,SA,O,Nvr,R,S,Nvr,Slight,5 to 10 hours,Future,20 or 21,Second year,Woman,East Asian,No,Transfer,Business,Some conf.,9 to 11 credits,All/mostly in-person,0 hours,4,5,4,5,3,4,4,4,4,5,4,4,4,4,4,2,5,3,0,1,2,0,1,2,4,3,0,4.12,3.86
142,A,A,N,A,SA,A,SA,A,A,N,Work,D,A,A,N,A,SD,N,O,R,S,O,Nvr,Ext,5 to 10 hours,Money,20 or 21,Second year,Woman,East Asian,No,Transfer,Business,Unsure,15 or more credits,All/mostly in-person,20 to 29 hours,4,4,3,4,5,4,5,4,4,3,2,4,4,3,4,1,3,3,1,2,3,0,4,2,3,5,3,4.12,3.0
143,A,SA,A,D,A,A,A,D,D,D,Mental stress,A,A,A,A,A,A,SA,O,O,S,VO,VO,None,under 5 hours,Mental well-being,20 or 21,Third+,Man,MENA,No,Transfer,Business,Low conf.,12 to 14 credits,More online,30 or more hours,4,5,4,2,4,4,4,2,2,2,4,4,4,4,4,4,5,3,3,2,4,4,0,1,2,4,4,3.62,4.14
144,SA,SA,A,SA,SA,SA,SA,SA,A,SA,Teaching,A,A,A,A,A,A,SA,O,R,O,O,R,None,under 5 hours,School,22 to 25,Second year,Man,East Asian,No,Transfer,STEM,Some conf.,9 to 11 credits,All/mostly in-person,0 hours,5,5,4,5,5,5,5,5,4,5,4,4,4,4,4,4,5,3,1,3,3,1,0,1,4,3,0,4.88,4.14
145,A,A,A,A,A,A,A,A,A,SA,Motivation,A,A,SA,A,SA,D,SA,VO,Nvr,VO,S,Nvr,None,11 to 19 hours,School,18 or 19,First year,Woman,East Asian,Yes,Transfer,STEM,Some conf.,15 or more credits,Equal,1 to 9 hours,4,4,4,4,4,4,4,4,4,5,4,4,5,4,5,2,5,4,0,4,2,0,0,3,4,5,1,4.0,4.14
146,A,A,N,A,A,A,A,N,N,N,Not prepared,D,A,A,N,A,SD,N,S,S,VO,VO,S,Very,20 or more hours,Money,20 or 21,Second year,Man,East Asian,Yes,Transfer,STEM,Some conf.,15 or more credits,More in-person,20 to 29 hours,4,4,3,4,4,4,4,3,3,3,2,4,4,3,4,1,3,2,2,4,4,2,3,4,4,5,3,3.75,3.0
147,A,N,A,A,N,A,A,D,A,A,Mental stress,A,SA,SA,A,A,D,NA,VO,S,O,O,Nvr,Mod,11 to 19 hours,School,18 or 19,Second year,Woman,South Asian,Yes,Transfer,STEM,Some conf.,15 or more credits,Equal,20 to 29 hours,4,3,4,4,3,4,4,2,4,4,4,5,5,4,4,2,,4,2,3,3,0,2,3,4,5,3,3.5,4.0
148,N,A,A,N,A,A,A,D,A,SA,Mental stress,A,A,A,A,A,A,A,VO,S,S,S,R,Slight,11 to 19 hours,Future,18 or 19,Second year,Woman,MENA,Yes,Transfer,Social sciences,Low conf.,15 or more credits,More in-person,10 to 19 hours,3,4,4,3,4,4,4,2,4,5,4,4,4,4,4,4,4,4,2,2,2,1,1,3,2,5,2,3.5,4.0
149,D,A,N,A,SA,A,N,A,A,A,Motivation,A,N,SA,N,A,N,SA,O,R,O,O,R,Slight,5 to 10 hours,Enjoy life,20 or 21,Second year,Woman,Multiracial,Yes,Transfer,Social sciences,Very conf.,9 to 11 credits,More in-person,10 to 19 hours,2,4,3,4,5,4,3,4,4,4,4,3,5,3,4,3,5,3,1,3,3,1,1,2,5,3,2,3.62,3.86
150,A,A,N,A,A,A,N,N,A,A,Mental stress,A,A,SA,SD,A,N,SA,VO,R,VO,R,Nvr,None,5 to 10 hours,School,20 or 21,Second year,Woman,White,Yes,Associate,Business,Very conf.,15 or more credits,More online,0 hours,4,4,3,4,4,4,3,3,4,4,4,4,5,1,4,3,5,4,1,4,1,0,0,2,5,5,0,3.62,3.71
151,A,A,SA,SA,A,A,SA,N,A,N,Mental stress,A,A,SA,A,A,A,SA,VO,R,S,VO,Nvr,Mod,11 to 19 hours,Enjoy life,20 or 21,Second year,Man,South Asian,Yes,Transfer,Arts/creative,Some conf.,6 to 8 credits,Equal,0 hours,4,4,5,5,4,4,5,3,4,3,4,4,5,4,4,4,5,4,1,2,4,0,2,3,4,2,0,4.25,4.29
152,A,N,A,D,N,N,N,N,A,A,Teaching,N,A,A,A,A,D,A,S,O,S,S,O,Very,under 5 hours,Mental well-being,22 to 25,Prefer not,Woman,Multiracial,Yes,Certificate,Humanities,Some conf.,1 to 5 credits,All/mostly in-person,10 to 19 hours,4,3,4,2,3,3,3,3,4,4,3,4,4,4,4,2,4,2,3,2,2,3,3,1,4,1,2,3.12,3.57
153,N,N,N,N,N,N,A,N,A,D,Other,N,N,N,D,N,D,N,VO,O,S,O,O,Slight,11 to 19 hours,Friends/relations,18 or 19,Second year,Man,East Asian,No,Transfer,Health professions,Some conf.,12 to 14 credits,More in-person,30 or more hours,3,3,3,3,3,3,4,3,4,2,3,3,3,2,3,2,3,4,3,2,3,3,1,3,4,4,4,3.12,2.71
154,A,A,SA,SA,A,A,SA,A,SA,SA,Motivation,SA,SA,SA,N,SA,A,SA,S,S,VO,VO,R,Slight,5 to 10 hours,Future,20 or 21,Second year,Woman,East Asian,Yes,Transfer,Business,Some conf.,15 or more credits,All/mostly in-person,20 to 29 hours,4,4,5,5,4,4,5,4,5,5,5,5,5,3,5,4,5,2,2,4,4,1,1,2,4,5,3,4.38,4.57
155,A,A,N,A,A,A,SA,N,A,A,Motivation,A,SA,D,A,A,SA,SA,R,S,O,VO,Nvr,Mod,11 to 19 hours,School,18 or 19,Second year,Man,Latino/Hispanic,No,Transfer,STEM,Very conf.,12 to 14 credits,All/mostly in-person,0 hours,4,4,3,4,4,4,5,3,4,4,4,5,2,4,4,5,5,1,2,3,4,0,2,3,5,4,0,3.88,4.14
156,A,A,N,N,N,A,SA,A,A,A,Motivation,D,N,N,N,A,D,D,S,R,Nvr,O,Nvr,Ext,under 5 hours,Money,22 to 25,Third+,Man,South Asian,No,Associate,STEM,Some conf.,9 to 11 credits,More in-person,1 to 9 hours,4,4,3,3,3,4,5,4,4,4,2,3,3,3,4,2,2,2,1,0,3,0,4,1,4,3,1,3.75,2.71
157,D,D,N,N,D,N,N,N,D,D,Motivation,D,D,D,A,A,D,N,R,VO,S,S,Nvr,Slight,under 5 hours,Mental well-being,20 or 21,First year,Prefer not,Multiracial,Yes,Undecided,Humanities,Unsure,9 to 11 credits,All/mostly online,0 hours,2,2,3,3,2,3,3,3,2,2,2,2,2,4,4,2,3,1,4,2,2,0,1,1,3,3,0,2.62,2.71
158,A,A,N,A,A,A,A,A,N,A,Motivation,A,N,SA,D,SA,D,SA,O,R,VO,S,Nvr,None,11 to 19 hours,Enjoy life,20 or 21,Second year,Man,East Asian,Yes,Transfer,STEM,Unsure,12 to 14 credits,More in-person,0 hours,4,4,3,4,4,4,4,4,3,4,4,3,5,2,5,2,5,3,1,4,2,0,0,3,3,4,0,3.88,3.71
159,N,A,N,N,N,N,N,N,N,N,Motivation,N,N,A,N,A,D,N,O,S,S,S,S,Very,5 to 10 hours,Friends/relations,18 or 19,Second year,Man,East Asian,Yes,Transfer,STEM,Some conf.,12 to 14 credits,All/mostly in-person,20 to 29 hours,3,4,3,3,3,3,3,3,3,3,3,3,4,3,4,2,3,3,2,2,2,2,3,2,4,4,3,3.12,3.14
160,D,N,N,N,D,N,A,N,N,A,Motivation,A,N,A,A,A,D,SA,S,S,O,R,O,Mod,under 5 hours,Enjoy life,22 to 25,Third+,Man,Multiracial,Yes,Associate,Undecided,Not conf.,6 to 8 credits,Equal,0 hours,2,3,3,3,2,3,4,3,3,4,4,3,4,4,4,2,5,2,2,3,1,3,2,1,1,2,0,2.88,3.71
161,SA,A,D,SA,SA,SA,A,A,D,N,Work,N,SD,SA,D,A,A,SA,O,R,S,VO,R,Ext,under 5 hours,Money,20 or 21,Third+,Man,Latino/Hispanic,Yes,Transfer,Business,Very conf.,15 or more credits,Equal,30 or more hours,5,4,2,5,5,5,4,4,2,3,3,1,5,2,4,4,5,3,1,2,4,1,4,1,5,5,4,4.25,3.43
162,N,D,N,D,N,A,A,D,D,D,Motivation,SD,D,A,N,N,SD,A,S,VO,VO,S,O,Ext,5 to 10 hours,Money,20 or 21,Third+,Woman,Prefer not,No,Associate,Career/tech,Very conf.,9 to 11 credits,All/mostly in-person,20 to 29 hours,3,2,3,2,3,4,4,2,2,2,1,2,4,3,3,1,4,2,4,4,2,3,4,2,5,3,3,2.88,2.57
163,A,A,A,A,A,A,N,A,A,A,Work,D,A,A,A,A,SD,D,S,O,S,O,Nvr,Ext,5 to 10 hours,Money,22 to 25,Second year,Woman,White,No,Transfer,Career/tech,Very conf.,12 to 14 credits,More in-person,20 to 29 hours,4,4,4,4,4,4,3,4,4,4,2,4,4,4,4,1,2,2,3,2,3,0,4,2,5,4,3,3.88,3.0
164,A,A,N,A,A,A,A,A,A,A,Motivation,A,A,D,A,SA,D,A,S,O,S,VO,Nvr,Mod,5 to 10 hours,School,18 or 19,First year,Woman,East Asian,No,Associate,Health professions,Unsure,12 to 14 credits,More in-person,1 to 9 hours,4,4,3,4,4,4,4,4,4,4,4,4,2,4,5,2,4,2,3,2,4,0,2,2,3,4,1,3.88,3.57
165,A,A,A,A,A,A,A,A,A,A,Mental stress,A,A,SA,A,A,N,SA,VO,R,VO,O,S,Mod,5 to 10 hours,Enjoy life,22 to 25,Third+,Man,East Asian,Yes,Transfer,STEM,Some conf.,12 to 14 credits,All/mostly in-person,10 to 19 hours,4,4,4,4,4,4,4,4,4,4,4,4,5,4,4,3,5,4,1,4,3,2,2,2,4,4,2,4.0,4.14
166,A,A,A,A,A,A,SA,A,SA,N,Teaching,A,A,SA,N,A,N,NA,O,R,S,VO,Nvr,Slight,under 5 hours,Future,18 or 19,First year,Man,Latino/Hispanic,No,Transfer,Health professions,Unsure,15 or more credits,All/mostly in-person,0 hours,4,4,4,4,4,4,5,4,5,3,4,4,5,3,4,3,,3,1,2,4,0,1,1,3,5,0,4.12,3.83
167,A,A,N,A,SA,SA,SA,D,D,SA,Motivation,A,SA,SA,N,D,A,A,VO,S,O,O,Nvr,Ext,5 to 10 hours,School,20 or 21,Second year,Woman,MENA,No,Transfer,STEM,Some conf.,12 to 14 credits,More online,10 to 19 hours,4,4,3,4,5,5,5,2,2,5,4,5,5,3,2,4,4,4,2,3,3,0,4,2,4,4,2,4.0,3.86
168,SA,SA,A,SA,SA,SA,A,A,SA,SA,Work,A,SA,N,A,SA,D,SD,VO,R,R,O,R,Slight,11 to 19 hours,Enjoy life,20 or 21,Third+,Man,East Asian,Yes,Transfer,STEM,Very conf.,15 or more credits,All/mostly in-person,20 to 29 hours,5,5,4,5,5,5,4,4,5,5,4,5,3,4,5,2,1,4,1,1,3,1,1,3,5,5,3,4.62,3.43
169,A,A,SA,A,SA,A,A,N,SA,SA,Nothing,SA,A,SA,A,SA,A,A,O,R,S,O,Nvr,Slight,5 to 10 hours,Future,26 or older,First year,Woman,Latino/Hispanic,Not sure,Associate,Arts/creative,Some conf.,12 to 14 credits,More in-person,0 hours,4,4,5,4,5,4,4,3,5,5,5,4,5,4,5,4,4,3,1,2,3,0,1,2,4,4,0,4.12,4.43
170,A,A,D,D,D,A,A,SD,A,A,Family/care,A,D,A,D,A,A,SD,S,VO,R,S,R,Ext,5 to 10 hours,Enjoy life,26 or older,Third+,Woman,Prefer not,Yes,Transfer,Social sciences,Very conf.,6 to 8 credits,More in-person,0 hours,4,4,2,2,2,4,4,1,4,4,4,2,4,2,4,4,1,2,4,1,2,1,4,2,5,2,0,2.88,3.0
171,A,SA,A,N,SA,SA,SA,SA,SA,SA,Work,SA,A,SA,SA,A,SD,SA,VO,Nvr,R,S,R,None,5 to 10 hours,School,22 to 25,Third+,Man,Native/Indigenous,Yes,Associate,Arts/creative,Not conf.,9 to 11 credits,More in-person,20 to 29 hours,4,5,4,3,5,5,5,5,5,5,5,4,5,5,4,1,5,4,0,1,2,1,0,2,1,3,3,4.5,4.14
172,N,N,N,N,N,A,A,N,N,N,Mental stress,SD,N,D,N,A,D,N,R,R,S,S,Nvr,None,20 or more hours,Money,20 or 21,Third+,Man,Latino/Hispanic,No,Transfer,STEM,Unsure,12 to 14 credits,More online,0 hours,3,3,3,3,3,4,4,3,3,3,1,3,2,3,4,2,3,1,1,2,2,0,0,4,3,4,0,3.25,2.57
173,A,SA,N,SA,SA,SA,SA,A,N,SA,Nothing,A,A,SA,N,SA,SA,NA,O,Nvr,Nvr,O,Nvr,None,20 or more hours,Mental well-being,20 or 21,Third+,Man,MENA,Yes,Transfer,STEM,Very conf.,15 or more credits,Equal,0 hours,4,5,3,5,5,5,5,4,3,5,4,4,5,3,5,5,,3,0,0,3,0,0,4,5,5,0,4.5,4.33
174,N,A,A,N,A,A,N,N,A,D,Motivation,A,N,SA,D,SD,N,A,VO,R,VO,R,Nvr,Very,5 to 10 hours,School,20 or 21,Second year,Woman,Latino/Hispanic,Not sure,Transfer,Health professions,Very conf.,15 or more credits,All/mostly in-person,0 hours,3,4,4,3,4,4,3,3,4,2,4,3,5,2,1,3,4,4,1,4,1,0,3,2,5,5,0,3.5,3.14
175,A,A,SA,A,SA,SA,A,SA,SA,A,Nothing,A,A,N,A,A,D,SA,S,VO,O,S,Nvr,Prefer not,20 or more hours,School,22 to 25,Second year,Woman,Prefer not,No,Transfer,Prefer not,Very conf.,15 or more credits,More in-person,0 hours,4,4,5,4,5,5,4,5,5,4,4,4,3,4,4,2,5,2,4,3,2,0,,4,5,5,0,4.5,3.71
176,SA,SA,SA,A,SA,SA,SA,A,SA,SA,Motivation,A,N,SA,N,SA,SD,SD,VO,S,VO,VO,O,Ext,5 to 10 hours,Money,18 or 19,First year,Man,White,No,Transfer,Social sciences,Very conf.,15 or more credits,Equal,30 or more hours,5,5,5,4,5,5,5,4,5,5,4,3,5,3,5,1,1,4,2,4,4,3,4,2,5,5,4,4.75,3.14
177,A,N,SA,A,SA,SA,SA,A,SA,SA,Motivation,N,SA,SA,A,A,SD,A,O,S,VO,R,S,Ext,under 5 hours,Money,20 or 21,Second year,Woman,Latino/Hispanic,No,Transfer,Undecided,Unsure,15 or more credits,All/mostly in-person,0 hours,4,3,5,4,5,5,5,4,5,5,3,5,5,4,4,1,4,3,2,4,1,2,4,1,3,5,0,4.38,3.71
178,A,A,N,A,A,A,A,N,A,A,Mental stress,D,A,A,A,N,A,A,S,S,S,R,Nvr,Mod,5 to 10 hours,School,18 or 19,First year,Woman,MENA,No,Transfer,Health professions,Very conf.,12 to 14 credits,More online,1 to 9 hours,4,4,3,4,4,4,4,3,4,4,2,4,4,4,3,4,4,2,2,2,1,0,2,2,5,4,1,3.75,3.57
179,A,A,A,A,D,A,A,A,A,A,Not prepared,A,D,A,N,A,D,SA,VO,S,S,S,R,Ext,11 to 19 hours,School,20 or 21,Third+,Woman,White,No,Associate,Health professions,Very conf.,6 to 8 credits,Equal,20 to 29 hours,4,4,4,4,2,4,4,4,4,4,4,2,4,3,4,2,5,4,2,2,2,1,4,3,5,2,3,3.75,3.43
180,SA,A,N,A,A,A,A,A,A,A,Motivation,N,A,A,A,A,D,SA,O,S,O,R,R,Slight,5 to 10 hours,School,18 or 19,First year,Woman,White,Not sure,Associate,Business,Some conf.,12 to 14 credits,All/mostly in-person,1 to 9 hours,5,4,3,4,4,4,4,4,4,4,3,4,4,4,4,2,5,3,2,3,1,1,1,2,4,4,1,4.0,3.71
181,A,A,A,D,A,A,SA,N,A,A,Motivation,A,A,A,A,SA,A,A,O,R,S,O,Nvr,Mod,11 to 19 hours,Future,18 or 19,Second year,Man,Latino/Hispanic,No,Transfer,STEM,Very conf.,12 to 14 credits,All/mostly in-person,0 hours,4,4,4,2,4,4,5,3,4,4,4,4,4,4,5,4,4,3,1,2,3,0,2,3,5,4,0,3.75,4.14
182,N,N,A,N,D,D,SD,D,N,N,Mental stress,N,N,A,N,A,N,SA,S,S,S,S,Nvr,Ext,under 5 hours,Money,20 or 21,First year,Woman,Latino/Hispanic,No,Undecided,STEM,Not conf.,1 to 5 credits,All/mostly in-person,0 hours,3,3,4,3,2,2,1,2,3,3,3,3,4,3,4,3,5,2,2,2,2,0,4,1,1,1,0,2.5,3.57
183,SA,A,A,A,A,A,SA,SA,SA,N,Motivation,A,A,A,A,A,A,SA,VO,S,R,VO,Nvr,Very,5 to 10 hours,Money,,First year,Woman,Latino/Hispanic,No,Transfer,Health professions,Very conf.,9 to 11 credits,All/mostly in-person,1 to 9 hours,5,4,4,4,4,4,5,5,5,3,4,4,4,4,4,4,5,4,2,1,4,0,3,2,5,3,1,4.38,4.14
184,A,A,A,A,A,A,A,A,A,A,Mental stress,A,A,A,A,A,N,A,O,S,S,R,Nvr,Slight,5 to 10 hours,School,20 or 21,Third+,Woman,Latino/Hispanic,No,Transfer,Social sciences,Very conf.,6 to 8 credits,Equal,10 to 19 hours,4,4,4,4,4,4,4,4,4,4,4,4,4,4,4,3,4,3,2,2,1,0,1,2,5,2,2,4.0,3.86
185,N,A,N,D,N,D,A,N,SA,A,Mental stress,N,N,A,A,A,D,A,S,S,O,R,Nvr,Slight,under 5 hours,Future,18 or 19,First year,Woman,MENA,Yes,Transfer,Social sciences,Unsure,12 to 14 credits,All/mostly in-person,0 hours,3,4,3,2,3,2,4,3,5,4,3,3,4,4,4,2,4,2,2,3,1,0,1,1,3,4,0,3.0,3.43
186,A,N,A,D,D,SA,N,SD,A,A,Motivation,A,SA,A,A,D,D,A,S,VO,S,S,Nvr,Ext,5 to 10 hours,Friends/relations,18 or 19,First year,Other,White,Yes,Transfer,STEM,Very conf.,15 or more credits,All/mostly in-person,1 to 9 hours,4,3,4,2,2,5,3,1,4,4,4,5,4,4,2,2,4,2,4,2,2,0,4,2,5,5,1,3.0,3.57
187,D,A,N,SA,N,A,A,SA,D,N,Motivation,SA,N,SA,SA,SA,SA,NA,R,O,R,S,Nvr,Mod,under 5 hours,Future,20 or 21,Prefer not,Man,Multiracial,No,Transfer,Business,Not conf.,12 to 14 credits,All/mostly in-person,0 hours,2,4,3,5,3,4,4,5,2,3,5,3,5,5,5,5,,1,3,1,2,0,2,1,1,4,0,3.75,4.67
188,A,D,A,N,N,A,A,N,A,A,Teaching,N,SA,N,A,A,D,N,S,S,VO,R,S,None,11 to 19 hours,School,18 or 19,Second year,Man,East Asian,No,Associate,Health professions,Unsure,12 to 14 credits,More in-person,0 hours,4,2,4,3,3,4,4,3,4,4,3,5,3,4,4,2,3,2,2,4,1,2,0,3,3,4,0,3.38,3.43
189,SA,SA,A,SA,SA,A,SA,SA,SA,SA,Nothing,SA,SA,SA,SA,SA,N,SA,VO,S,O,O,Nvr,Very,20 or more hours,Future,22 to 25,Third+,Woman,East Asian,Yes,Transfer,Health professions,Very conf.,12 to 14 credits,All/mostly in-person,20 to 29 hours,5,5,4,5,5,4,5,5,5,5,5,5,5,5,5,3,5,4,2,3,3,0,3,4,5,4,3,4.75,4.71
190,SA,SA,SA,A,A,SA,,SA,SA,SA,Work,SA,SA,SA,SA,SA,SA,A,VO,Nvr,S,VO,Nvr,Slight,under 5 hours,School,18 or 19,Second year,Woman,Latino/Hispanic,No,Transfer,Social sciences,Very conf.,12 to 14 credits,More in-person,20 to 29 hours,5,5,5,4,4,5,,5,5,5,5,5,5,5,5,5,4,4,0,2,4,0,1,1,5,4,3,4.71,4.86
191,A,N,A,SD,N,N,A,D,A,N,Mental stress,SD,SA,N,A,N,SD,SD,S,VO,S,O,S,Ext,11 to 19 hours,Family,26 or older,Third+,Nonbinary,Multiracial,No,Certificate,Humanities,Some conf.,9 to 11 credits,All/mostly in-person,0 hours,4,3,4,1,3,3,4,2,4,3,1,5,3,4,3,1,1,2,4,2,3,2,4,3,4,3,0,3.0,2.57
192,A,A,A,N,A,A,N,N,SA,SA,Mental stress,N,SA,A,A,N,N,A,VO,S,O,VO,Nvr,None,5 to 10 hours,Future,18 or 19,Second year,Woman,Latino/Hispanic,No,Transfer,Social sciences,Some conf.,12 to 14 credits,All/mostly in-person,0 hours,4,4,4,3,4,4,3,3,5,5,3,5,4,4,3,3,4,4,2,3,4,0,0,2,4,4,0,3.62,3.71
193,N,A,N,N,A,D,SA,A,A,D,Other,N,N,SA,SA,A,D,D,VO,S,VO,R,Nvr,Ext,11 to 19 hours,Future,20 or 21,Second year,Prefer not,Latino/Hispanic,No,Transfer,Arts/creative,Very conf.,12 to 14 credits,More online,10 to 19 hours,3,4,3,3,4,2,5,4,4,2,3,3,5,5,4,2,2,4,2,4,1,0,4,3,5,4,2,3.5,3.43
194,N,A,A,A,A,A,SA,A,N,A,Motivation,A,SA,SA,A,A,D,SA,O,R,O,O,Nvr,Slight,5 to 10 hours,Enjoy life,20 or 21,Third+,Man,Multiracial,Yes,Associate,Undecided,No major,12 to 14 credits,Equal,1 to 9 hours,3,4,4,4,4,4,5,4,3,4,4,5,5,4,4,2,5,3,1,3,3,0,1,2,,4,1,4.0,4.14
195,N,A,SA,A,D,SD,A,A,N,D,Motivation,N,A,SA,SA,A,A,N,O,O,VO,S,Nvr,Slight,under 5 hours,School,22 to 25,Third+,Woman,White,Yes,Transfer,Arts/creative,Some conf.,9 to 11 credits,All/mostly in-person,0 hours,3,4,5,4,2,1,4,4,3,2,3,4,5,5,4,4,3,3,3,4,2,0,1,1,4,3,0,3.38,4.0
196,A,N,A,A,A,A,A,A,A,A,Not prepared,A,SA,D,D,A,D,D,S,O,VO,R,Nvr,Mod,11 to 19 hours,Money,20 or 21,Second year,Woman,East Asian,No,Transfer,Social sciences,Some conf.,12 to 14 credits,Equal,30 or more hours,4,3,4,4,4,4,4,4,4,4,4,5,2,2,4,2,2,2,3,4,1,0,2,3,4,4,4,3.88,3.0
197,A,A,A,A,N,A,A,D,A,A,Motivation,N,A,SA,A,SA,A,A,O,R,VO,S,Nvr,Slight,5 to 10 hours,School,18 or 19,First year,Woman,Latino/Hispanic,Yes,Transfer,STEM,Some conf.,9 to 11 credits,All/mostly in-person,10 to 19 hours,4,4,4,4,3,4,4,2,4,4,3,4,5,4,5,4,4,3,1,4,2,0,1,2,4,3,2,3.62,4.14
198,SA,A,A,SA,SA,SA,A,A,A,A,Motivation,A,SA,SA,A,A,D,SA,O,R,O,O,R,Mod,5 to 10 hours,Other,20 or 21,Third+,Man,Multiracial,Yes,Transfer,Business,Some conf.,15 or more credits,More in-person,1 to 9 hours,5,4,4,5,5,5,4,4,4,4,4,5,5,4,4,2,5,3,1,3,3,1,2,2,4,5,1,4.5,4.14
199,N,D,A,D,N,D,A,N,N,N,Mental stress,N,A,A,A,A,N,A,S,VO,R,S,Nvr,None,5 to 10 hours,Money,22 to 25,Third+,Woman,East Asian,Not sure,Transfer,Social sciences,Some conf.,12 to 14 credits,More in-person,0 hours,3,2,4,2,3,2,4,3,3,3,3,4,4,4,4,3,4,2,4,1,2,0,0,2,4,4,0,2.88,3.71
200,A,SA,A,A,N,A,SA,A,A,N,Family/care,A,SA,SA,A,SA,A,A,VO,S,VO,R,Nvr,Mod,5 to 10 hours,Mental well-being,18 or 19,First year,Woman,MENA,Yes,Transfer,Business,Some conf.,9 to 11 credits,All/mostly in-person,0 hours,4,5,4,4,3,4,5,4,4,3,4,5,5,4,5,4,4,4,2,4,1,0,2,2,4,3,0,4.12,4.43
201,N,SA,A,N,SA,SA,SA,A,SA,SA,Nothing,SA,A,SA,A,SA,SA,NA,VO,S,Nvr,O,Nvr,Ext,11 to 19 hours,Future,26 or older,Third+,Woman,Black/African Am.,No,Transfer,Health professions,Very conf.,15 or more credits,Equal,0 hours,3,5,4,3,5,5,5,4,5,5,5,4,5,4,5,5,,4,2,0,3,0,4,3,5,5,0,4.25,4.67
202,A,A,D,A,A,A,A,D,A,A,Mental stress,A,N,D,N,A,SD,D,R,S,S,VO,O,None,5 to 10 hours,School,26 or older,Third+,Man,South Asian,Yes,Associate,STEM,Very conf.,9 to 11 credits,More in-person,0 hours,4,4,2,4,4,4,4,2,4,4,4,3,2,3,4,1,2,1,2,2,4,3,0,2,5,3,0,3.5,2.71
203,A,A,A,A,A,SA,SA,A,SA,N,Motivation,A,A,A,A,A,A,A,S,R,S,O,S,Mod,5 to 10 hours,Money,18 or 19,First year,Man,East Asian,Yes,Associate,Business,Unsure,12 to 14 credits,Equal,10 to 19 hours,4,4,4,4,4,5,5,4,5,3,4,4,4,4,4,4,4,2,1,2,3,2,2,2,3,4,2,4.25,4.0
204,A,A,N,N,A,SA,SA,N,N,A,Motivation,A,A,SA,D,A,D,A,O,S,O,S,Prefer not,Very,5 to 10 hours,Enjoy life,18 or 19,First year,Woman,Multiracial,Yes,Transfer,Social sciences,Some conf.,12 to 14 credits,Equal,10 to 19 hours,4,4,3,3,4,5,5,3,3,4,4,4,5,2,4,2,4,3,2,3,2,,3,2,4,4,2,3.88,3.57
205,A,N,A,N,N,D,D,D,N,A,Motivation,N,A,A,A,N,A,A,S,O,O,R,Nvr,Mod,11 to 19 hours,Future,18 or 19,First year,Woman,Latino/Hispanic,No,Transfer,Humanities,Very conf.,12 to 14 credits,All/mostly in-person,20 to 29 hours,4,3,4,3,3,2,2,2,3,4,3,4,4,4,3,4,4,2,3,3,1,0,2,3,5,4,3,2.88,3.71
206,SD,A,A,SD,SD,SA,N,SD,SA,N,Mental stress,SD,SA,A,SA,A,N,D,O,VO,S,O,VO,Mod,5 to 10 hours,School,17 or younger,First year,Prefer not,Multiracial,Yes,Transfer,STEM,Very conf.,9 to 11 credits,All/mostly in-person,0 hours,1,4,4,1,1,5,3,1,5,3,1,5,4,5,4,3,2,3,4,2,3,4,2,2,5,3,0,2.5,3.43
207,A,A,SA,N,A,N,A,A,SA,SA,Mental stress,N,A,A,A,A,D,N,VO,S,S,S,Nvr,Slight,5 to 10 hours,School,18 or 19,First year,Woman,Latino/Hispanic,No,Transfer,Prefer not,Very conf.,12 to 14 credits,More online,20 to 29 hours,4,4,5,3,4,3,4,4,5,5,3,4,4,4,4,2,3,4,2,2,2,0,1,2,5,4,3,3.88,3.43
208,A,A,D,N,N,D,A,N,A,N,Mental stress,A,D,N,SD,SA,N,N,S,S,S,Nvr,Nvr,Mod,20 or more hours,School,18 or 19,First year,Woman,East Asian,Yes,Transfer,Health professions,Some conf.,12 to 14 credits,More online,0 hours,4,4,2,3,3,2,4,3,4,3,4,2,3,1,5,3,3,2,2,2,0,0,2,4,4,4,0,3.12,3.0
209,A,A,A,A,A,A,A,A,A,A,Work,N,A,A,A,A,N,A,S,S,O,S,Prefer not,Slight,20 or more hours,Money,18 or 19,Second year,Woman,Multiracial,No,Transfer,Social sciences,Very conf.,15 or more credits,All/mostly online,20 to 29 hours,4,4,4,4,4,4,4,4,4,4,3,4,4,4,4,3,4,2,2,3,2,,1,4,5,5,3,4.0,3.71
210,A,A,A,A,N,A,N,A,A,A,Motivation,A,A,A,A,A,A,A,O,R,S,O,Nvr,Slight,5 to 10 hours,Enjoy life,Prefer not,Second year,Man,Prefer not,Yes,Transfer,Prefer not,Some conf.,12 to 14 credits,All/mostly online,0 hours,4,4,4,4,3,4,3,4,4,4,4,4,4,4,4,4,4,3,1,2,3,0,1,2,4,4,0,3.75,4.0
211,D,A,SD,D,SD,SA,A,A,N,A,Mental stress,A,SD,A,D,SA,D,A,R,R,VO,O,Nvr,Slight,under 5 hours,Future,18 or 19,Second year,Man,,No,Transfer,STEM,Unsure,15 or more credits,More online,10 to 19 hours,2,4,1,2,1,5,4,4,3,4,4,1,4,2,5,2,4,1,1,4,3,0,1,1,3,5,2,2.88,3.14
212,N,N,A,A,A,A,A,A,SA,N,Low energy,D,SA,SA,A,A,N,A,S,R,S,O,Nvr,Slight,11 to 19 hours,School,20 or 21,Third+,Woman,South Asian,Yes,Transfer,STEM,Some conf.,15 or more credits,Equal,1 to 9 hours,3,3,4,4,4,4,4,4,5,3,2,5,5,4,4,3,4,2,1,2,3,0,1,3,4,5,1,3.75,3.86
213,D,D,N,N,N,N,N,N,N,D,Mental stress,D,N,N,N,D,D,N,R,S,R,S,Nvr,Slight,11 to 19 hours,Money,18 or 19,First year,Woman,White,Not sure,Undecided,Undecided,No major,12 to 14 credits,More online,20 to 29 hours,2,2,3,3,3,3,3,3,3,2,2,3,3,3,2,2,3,1,2,1,2,0,1,3,,4,3,2.75,2.57
214,SD,A,A,A,SA,SA,N,SA,SD,SD,Teaching,D,SA,SA,N,SA,SD,A,VO,R,VO,Nvr,Nvr,Ext,11 to 19 hours,School,18 or 19,First year,Man,Black/African Am.,Yes,Transfer,STEM,Very conf.,15 or more credits,More in-person,0 hours,1,4,4,4,5,5,3,5,1,1,2,5,5,3,5,1,4,4,1,4,0,0,4,3,5,5,0,3.88,3.57
215,A,A,A,SD,N,A,SA,D,N,A,Mental stress,A,A,SA,SA,SA,A,SA,O,O,S,S,R,Very,20 or more hours,School,18 or 19,First year,Man,Multiracial,Yes,Transfer,STEM,Some conf.,15 or more credits,All/mostly in-person,1 to 9 hours,4,4,4,1,3,4,5,2,3,4,4,4,5,5,5,4,5,3,3,2,2,1,3,4,4,5,1,3.38,4.57
216,A,A,A,N,A,SA,A,N,SA,A,Work,N,A,A,SA,SA,D,SA,S,R,S,S,Nvr,Mod,11 to 19 hours,Money,26 or older,Third+,Woman,Black/African Am.,Yes,Transfer,Social sciences,Some conf.,12 to 14 credits,All/mostly online,30 or more hours,4,4,4,3,4,5,4,3,5,4,3,4,4,5,5,2,5,2,1,2,2,0,2,3,4,4,4,3.88,4.0
217,A,A,SA,SA,A,A,SA,A,A,SA,Mental stress,A,A,SA,SA,SA,SA,SA,O,R,Nvr,O,Nvr,None,5 to 10 hours,School,18 or 19,Second year,Man,South Asian,Yes,Transfer,STEM,Very conf.,12 to 14 credits,More online,0 hours,4,4,5,5,4,4,5,4,4,5,4,4,5,5,5,5,5,3,1,0,3,0,0,2,5,4,0,4.38,4.71
218,SA,A,A,A,SA,SA,A,A,A,A,Motivation,A,SA,SA,A,N,A,SA,VO,R,S,VO,Nvr,None,5 to 10 hours,Future,17 or younger,First year,Man,South Asian,Yes,Transfer,STEM,Very conf.,9 to 11 credits,More in-person,0 hours,5,4,4,4,5,5,4,4,4,4,4,5,5,4,3,4,5,4,1,2,4,0,0,2,5,3,0,4.38,4.29
219,A,D,A,D,A,D,D,D,A,SD,Motivation,D,D,A,A,A,A,SD,S,S,VO,R,Nvr,None,5 to 10 hours,School,20 or 21,Third+,Woman,MENA,Yes,Transfer,Business,Some conf.,12 to 14 credits,More in-person,0 hours,4,2,4,2,4,2,2,2,4,1,2,2,4,4,4,4,1,2,2,4,1,0,0,2,4,4,0,2.75,3.0
220,A,A,N,A,A,A,A,A,N,N,Family/care,N,A,A,A,N,D,D,O,O,O,O,Nvr,Very,5 to 10 hours,Enjoy life,18 or 19,First year,Woman,East Asian,No,Transfer,Health professions,Some conf.,12 to 14 credits,All/mostly online,20 to 29 hours,4,4,3,4,4,4,4,4,3,3,3,4,4,4,3,2,2,3,3,3,3,0,3,2,4,4,3,3.88,3.14
221,A,A,N,A,SA,A,A,N,A,A,Motivation,N,D,A,N,A,N,SA,O,R,O,VO,Nvr,Slight,5 to 10 hours,Future,18 or 19,First year,Woman,White,Yes,Transfer,Business,Some conf.,15 or more credits,All/mostly online,0 hours,4,4,3,4,5,4,4,3,4,4,3,2,4,3,4,3,5,3,1,3,4,0,1,2,4,5,0,3.88,3.43
222,SA,N,SA,SA,SA,SA,SA,SA,SA,N,Teaching,SA,A,SA,A,SA,A,SA,VO,R,S,S,Nvr,Slight,5 to 10 hours,School,18 or 19,First year,Woman,Latino/Hispanic,Yes,Transfer,Arts/creative,Very conf.,15 or more credits,All/mostly in-person,0 hours,5,3,5,5,5,5,5,5,5,3,5,4,5,4,5,4,5,4,1,2,2,0,1,2,5,5,0,4.75,4.57
223,SA,A,SA,SA,SA,SA,SA,A,A,N,Family/care,N,A,SA,A,A,N,SA,O,R,S,O,Nvr,,5 to 10 hours,Future,26 or older,Second year,Woman,Multiracial,No,Transfer,STEM,Very conf.,9 to 11 credits,All/mostly in-person,0 hours,5,4,5,5,5,5,5,4,4,3,3,4,5,4,4,3,5,3,1,2,3,0,,2,5,3,0,4.75,4.0
224,N,A,A,A,SA,SA,SA,SA,A,A,Mental stress,A,SD,A,A,N,A,SA,S,S,VO,VO,Nvr,Very,under 5 hours,Money,20 or 21,Second year,Man,MENA,No,Transfer,Business,Some conf.,15 or more credits,More online,30 or more hours,3,4,4,4,5,5,5,5,4,4,4,1,4,4,3,4,5,2,2,4,4,0,3,1,4,5,4,4.38,3.57
225,SA,A,SA,A,SA,SA,A,SA,A,A,Nothing,SA,SA,SA,A,A,A,SA,VO,Nvr,S,S,Nvr,None,5 to 10 hours,School,18 or 19,First year,Woman,Latino/Hispanic,No,Transfer,Health professions,Very conf.,12 to 14 credits,All/mostly in-person,0 hours,5,4,5,4,5,5,4,5,4,4,5,5,5,4,4,4,5,4,0,2,2,0,0,2,5,4,0,4.62,4.57
226,A,A,A,SA,A,N,SA,A,SA,A,Low energy,N,SA,N,D,N,SD,N,O,S,VO,O,Nvr,Mod,5 to 10 hours,School,20 or 21,Second year,Man,Pacific Islander,Not sure,Transfer,Business,Some conf.,15 or more credits,More in-person,20 to 29 hours,4,4,4,5,4,3,5,4,5,4,3,5,3,2,3,1,3,3,2,4,3,0,2,2,4,5,3,4.12,2.86
227,A,D,A,A,SD,N,A,A,N,D,Mental stress,SD,A,SA,SD,D,D,A,S,S,VO,O,Nvr,Ext,11 to 19 hours,School,18 or 19,First year,Woman,Multiracial,Yes,Associate,STEM,Some conf.,15 or more credits,More online,1 to 9 hours,4,2,4,4,1,3,4,4,3,2,1,4,5,1,2,2,4,2,2,4,3,0,4,3,4,5,1,3.25,2.71
228,SD,A,N,A,SA,SA,SA,N,SA,SA,Mental stress,N,D,SA,N,A,D,SA,O,S,VO,VO,S,Very,under 5 hours,Future,18 or 19,First year,Man,Latino/Hispanic,No,Transfer,Social sciences,Very conf.,15 or more credits,All/mostly online,30 or more hours,1,4,3,4,5,5,5,3,5,5,3,2,5,3,4,2,5,3,2,4,4,2,3,1,5,5,4,3.75,3.43
229,SA,A,A,A,A,A,A,A,A,A,Motivation,A,A,A,A,SA,A,SA,O,S,VO,VO,R,Slight,11 to 19 hours,School,26 or older,Third+,Man,East Asian,Yes,Transfer,Social sciences,Very conf.,12 to 14 credits,All/mostly in-person,30 or more hours,5,4,4,4,4,4,4,4,4,4,4,4,4,4,5,4,5,3,2,4,4,1,1,3,5,4,4,4.12,4.29
230,SA,SA,A,N,SA,A,SA,A,SA,A,Mental stress,N,N,SA,SA,SA,SD,A,O,S,VO,VO,Nvr,Mod,5 to 10 hours,Mental well-being,18 or 19,First year,Man,Multiracial,Yes,Transfer,Prefer not,Very conf.,15 or more credits,Equal,10 to 19 hours,5,5,4,3,5,4,5,4,5,4,3,3,5,5,5,1,4,3,2,4,4,0,2,2,5,5,2,4.38,3.71
231,A,SA,N,A,A,A,A,A,N,N,Motivation,N,D,SA,N,A,D,N,VO,R,R,R,Nvr,Mod,under 5 hours,Other,20 or 21,First year,Man,Latino/Hispanic,No,Transfer,Business,Very conf.,12 to 14 credits,All/mostly in-person,20 to 29 hours,4,5,3,4,4,4,4,4,3,3,3,2,5,3,4,2,3,4,1,1,1,0,2,1,5,4,3,4.0,3.14
232,SD,A,N,SD,SD,A,D,N,N,A,Family/care,A,SD,D,N,D,SD,SD,R,VO,R,O,Nvr,Ext,11 to 19 hours,Money,22 to 25,Third+,Nonbinary,South Asian,Yes,Transfer,Business,Some conf.,15 or more credits,All/mostly online,1 to 9 hours,1,4,3,1,1,4,2,3,3,4,4,1,2,3,2,1,1,1,4,1,3,0,4,3,4,5,1,2.38,2.0
233,N,A,A,D,N,A,A,N,N,N,Motivation,A,D,A,A,D,D,SA,O,R,VO,O,Nvr,Ext,under 5 hours,Future,18 or 19,First year,Man,Latino/Hispanic,No,Transfer,Business,Some conf.,9 to 11 credits,More in-person,30 or more hours,3,4,4,2,3,4,4,3,3,3,4,2,4,4,2,2,5,3,1,4,3,0,4,1,4,3,4,3.38,3.29
234,SA,SA,SA,SA,SA,SA,SA,SA,SA,SA,Nothing,SA,SA,SA,SA,SA,SA,SA,O,R,O,R,Nvr,None,5 to 10 hours,Enjoy life,26 or older,Second year,Woman,East Asian,No,Transfer,Arts/creative,Very conf.,12 to 14 credits,More online,20 to 29 hours,5,5,5,5,5,5,5,5,5,5,5,5,5,5,5,5,5,3,1,3,1,0,0,2,5,4,3,5.0,5.0
235,A,A,SA,D,N,A,A,N,A,A,Mental stress,D,A,A,A,A,D,D,O,S,S,S,S,Mod,5 to 10 hours,Mental well-being,26 or older,Third+,Woman,Latino/Hispanic,Not sure,Associate,Social sciences,Some conf.,12 to 14 credits,All/mostly online,30 or more hours,4,4,5,2,3,4,4,3,4,4,2,4,4,4,4,2,2,3,2,2,2,2,2,2,4,4,4,3.62,3.14
236,A,A,A,A,A,A,A,N,A,A,Work,A,A,A,A,A,N,N,S,R,S,S,Nvr,Very,5 to 10 hours,Money,Prefer not,Second year,Woman,Prefer not,No,Transfer,Health professions,Some conf.,12 to 14 credits,More in-person,20 to 29 hours,4,4,4,4,4,4,4,3,4,4,4,4,4,4,4,3,3,2,1,2,2,0,3,2,4,4,3,3.88,3.71
237,A,D,D,N,N,N,D,N,A,D,Teaching,D,N,A,N,D,SD,N,O,VO,O,R,Nvr,None,11 to 19 hours,School,18 or 19,First year,Woman,East Asian,Yes,Transfer,STEM,Some conf.,15 or more credits,All/mostly in-person,0 hours,4,2,2,3,3,3,2,3,4,2,2,3,4,3,2,1,3,3,4,3,1,0,0,3,4,5,0,2.75,2.57
238,A,A,SA,A,A,A,SA,A,A,A,Motivation,A,SA,A,A,A,N,SA,O,O,S,O,Nvr,Mod,11 to 19 hours,School,18 or 19,First year,Woman,Latino/Hispanic,No,Transfer,Humanities,Very conf.,15 or more credits,More in-person,0 hours,4,4,5,4,4,4,5,4,4,4,4,5,4,4,4,3,5,3,3,2,3,0,2,3,5,5,0,4.25,4.14
239,A,D,A,A,A,SA,SA,SA,SA,A,Motivation,N,N,A,SA,A,A,N,VO,R,S,O,Nvr,None,5 to 10 hours,Enjoy life,17 or younger,First year,Woman,South Asian,Yes,Transfer,STEM,Very conf.,15 or more credits,More online,0 hours,4,2,4,4,4,5,5,5,5,4,3,3,4,5,4,4,3,4,1,2,3,0,0,2,5,5,0,4.12,3.71
240,SD,SD,A,SD,N,SD,SD,D,N,A,Work,D,A,N,A,A,A,A,R,VO,Nvr,S,Nvr,Ext,20 or more hours,Future,26 or older,First year,Woman,White,No,Transfer,Career/tech,Very conf.,12 to 14 credits,More online,30 or more hours,1,1,4,1,3,1,1,2,3,4,2,4,3,4,4,4,4,1,4,0,2,0,4,4,5,4,4,1.75,3.57
241,N,A,SA,N,D,N,SD,N,N,N,Motivation,A,N,N,A,A,SA,SA,S,S,Nvr,O,Nvr,None,5 to 10 hours,Enjoy life,18 or 19,Second year,Woman,South Asian,Yes,Transfer,Social sciences,Very conf.,9 to 11 credits,All/mostly in-person,1 to 9 hours,3,4,5,3,2,3,1,3,3,3,4,3,3,4,4,5,5,2,2,0,3,0,0,2,5,3,1,3.0,4.0
242,A,SA,SA,A,SA,SA,SA,SA,A,N,Mental stress,A,SA,A,SA,A,N,A,O,R,VO,O,Nvr,Ext,5 to 10 hours,Money,18 or 19,First year,Man,Latino/Hispanic,Yes,Associate,Social sciences,Some conf.,12 to 14 credits,More online,10 to 19 hours,4,5,5,4,5,5,5,5,4,3,4,5,4,5,4,3,4,3,1,4,3,0,4,2,4,4,2,4.75,4.14
243,SA,SA,SA,SA,SA,SA,SA,SA,SA,SA,Family/care,A,SA,SA,SA,SA,A,N,O,R,S,VO,Nvr,Very,20 or more hours,Family,26 or older,Second year,Woman,Multiracial,Yes,Transfer,Health professions,Very conf.,12 to 14 credits,All/mostly in-person,10 to 19 hours,5,5,5,5,5,5,5,5,5,5,4,5,5,5,5,4,3,3,1,2,4,0,3,4,5,4,2,5.0,4.43
244,A,D,A,N,A,N,A,A,A,A,Motivation,D,SA,SA,A,SD,D,D,O,R,VO,Nvr,Nvr,Very,11 to 19 hours,Future,26 or older,Second year,Woman,MENA,No,Transfer,Humanities,Some conf.,15 or more credits,All/mostly in-person,1 to 9 hours,4,2,4,3,4,3,4,4,4,4,2,5,5,4,1,2,2,3,1,4,0,0,3,3,4,5,1,3.5,3.0
245,A,N,A,D,D,SA,A,SD,SA,D,Low energy,D,SA,SA,A,A,SD,D,VO,O,VO,R,Nvr,Very,5 to 10 hours,School,20 or 21,Second year,Woman,East Asian,Not sure,Undecided,Health professions,Low conf.,12 to 14 credits,More in-person,0 hours,4,3,4,2,2,5,4,1,5,2,2,5,5,4,4,1,2,4,3,4,1,0,3,2,2,4,0,3.12,3.29
246,N,N,A,A,A,A,A,A,A,N,Not prepared,SD,N,A,A,D,D,D,S,R,S,O,Nvr,Very,under 5 hours,Money,18 or 19,First year,Woman,South Asian,Yes,Transfer,STEM,Some conf.,9 to 11 credits,More online,0 hours,3,3,4,4,4,4,4,4,4,3,1,3,4,4,2,2,2,2,1,2,3,0,3,1,4,3,0,3.75,2.57
247,A,SA,A,A,SA,A,A,SA,SA,SA,Mental stress,A,SA,SA,SA,A,A,SA,VO,S,VO,O,Nvr,Slight,5 to 10 hours,Mental well-being,26 or older,Third+,Man,Latino/Hispanic,No,Other,STEM,Very conf.,1 to 5 credits,All/mostly in-person,0 hours,4,5,4,4,5,4,4,5,5,5,4,5,5,5,4,4,5,4,2,4,3,0,1,2,5,1,0,4.38,4.57
248,SD,SD,SD,D,SD,SD,A,SD,SD,D,Mental stress,SD,SD,N,A,A,SD,A,S,VO,VO,Nvr,S,Very,under 5 hours,Other,18 or 19,First year,Woman,White,Not sure,Transfer,STEM,Not conf.,6 to 8 credits,Equal,0 hours,1,1,1,2,1,1,4,1,1,2,1,1,3,4,4,1,4,2,4,4,0,2,3,1,1,2,0,1.5,2.57
249,SA,A,SD,D,A,A,SA,D,SA,SA,Mental stress,SD,SD,A,N,A,D,SD,O,S,VO,O,Nvr,Slight,11 to 19 hours,School,17 or younger,First year,Woman,East Asian,Yes,Transfer,Social sciences,Very conf.,9 to 11 credits,Equal,10 to 19 hours,5,4,1,2,4,4,5,2,5,5,1,1,4,3,4,2,1,3,2,4,3,0,1,3,5,3,2,3.38,2.29
250,SA,A,A,A,SA,SA,SA,A,SA,A,Motivation,A,A,SA,A,A,A,SA,VO,S,VO,O,S,Mod,11 to 19 hours,School,20 or 21,First year,Man,Latino/Hispanic,No,Transfer,Business,Some conf.,12 to 14 credits,More online,20 to 29 hours,5,4,4,4,5,5,5,4,5,4,4,4,5,4,4,4,5,4,2,4,3,2,2,3,4,4,3,4.5,4.29
251,A,A,A,A,N,A,A,A,A,A,Not prepared,N,A,N,A,A,N,A,O,S,O,S,Nvr,Mod,11 to 19 hours,School,20 or 21,First year,Woman,South Asian,Yes,Transfer,Social sciences,Some conf.,15 or more credits,More in-person,20 to 29 hours,4,4,4,4,3,4,4,4,4,4,3,4,3,4,4,3,4,3,2,3,2,0,2,3,4,5,3,3.88,3.57
252,SA,A,N,SA,SA,SA,A,A,SA,SA,Work,SA,A,SA,A,A,D,A,VO,R,VO,VO,Nvr,Very,11 to 19 hours,Family,26 or older,Second year,Woman,White,No,Transfer,Social sciences,Very conf.,15 or more credits,All/mostly online,10 to 19 hours,5,4,3,5,5,5,4,4,5,5,5,4,5,4,4,2,4,4,1,4,4,0,3,3,5,5,2,4.38,4.0
